Student_ID,Study_Hours_Per_Day,Extracurricular_Hours_Per_Day,Sleep_Hours_Per_Day,Social_Hours_Per_Day,Physical_Activity_Hours_Per_Day,GPA,Stress_Level,Total_Productivity_Hours
1,6.9,3.8,8.7,2.8,1.8,2.99,Moderate,15.3
2,5.3,3.5,8,4.2,3,2.75,Low,16
3,5.1,3.9,9.2,1.2,4.6,2.67,Low,14.8
4,6.5,2.1,7.2,1.7,6.5,2.88,Moderate,16.8
5,8.1,0.6,6.5,2.2,6.6,3.51,High,17.5
6,6,2.1,8,0.3,7.6,2.85,Moderate,16
7,8,0.7,5.3,5.7,4.3,3.08,High,18.7
8,8.4,1.8,5.6,3,5.2,3.2,High,18.4
9,5.2,3.6,6.3,4,4.9,2.82,Low,17.7
10,7.7,0.7,9.8,4.5,1.3,2.76,Moderate,14.2
11,9.7,3.6,8,2.5,0.2,3.43,High,16
12,6.9,1.1,9.1,2.1,4.8,2.97,Moderate,14.9
13,6.4,2.2,5.7,4.8,4.9,2.82,High,18.3
14,5,3.3,8.5,4.4,2.8,2.87,Low,15.5
15,8.9,0.3,6.8,0.7,7.3,3.4,High,17.2
16,6.7,0.3,6.6,2,8.4,3.2,Moderate,17.4
17,8.6,2.6,9.4,1.6,1.8,3.36,High,14.6
18,8.8,2.2,8.9,2,2.1,3.19,High,15.1
19,7.6,1.7,5.1,0.6,9,3.16,High,18.9
20,6.6,2,9.5,1.5,4.4,2.93,Moderate,14.5
21,7.1,3,6.1,0.5,7.3,2.9,Moderate,17.9
22,9.6,3.2,8.2,2.6,0.4,3.34,High,15.8
23,9,0.7,9.5,2.6,2.2,3.21,High,14.5
24,6.1,1.7,9.1,5.2,1.9,2.85,Moderate,14.9
25,5,2,7.1,1.3,8.6,2.68,Low,16.9
26,9.7,1.3,7.6,3.8,1.6,3.29,High,16.4
27,6.8,3.9,9.8,0.9,2.6,2.64,Moderate,14.2
28,6.4,0.1,8,3,6.5,2.95,Moderate,16
29,5.3,1.1,9.5,1.4,6.7,2.79,Low,14.5
30,9.9,1,8.4,3.6,1.1,3.25,High,15.6
31,6.2,2.9,6.8,3.8,4.3,3.05,Moderate,17.2
32,5.5,3.3,6.6,1.1,7.5,3.26,Low,17.4
33,5.2,2.4,8.4,0.1,7.9,2.47,Low,15.6
34,8.2,0.7,8.5,2.3,4.3,3.24,High,15.5
35,9.7,0.6,6.7,0.7,6.3,3.62,High,17.3
36,9.1,2.2,7.6,1.2,3.9,3.12,High,16.4
37,5.5,3.6,9.5,3.4,2,2.58,Low,14.5
38,8.6,3.6,9.4,1.9,0.5,3.03,High,14.6
39,8.2,0.3,5.8,5.4,4.3,3.29,High,18.2
40,5,0.6,7.7,4.2,6.5,2.61,Low,16.3
41,8.3,0.9,8.6,1.4,4.8,3.48,High,15.4
42,8.2,3.4,8.3,2.3,1.8,3.07,High,15.7
43,5.5,1.5,6.3,1.5,9.2,2.81,Low,17.7
44,9.5,2.5,9,1.5,1.5,3.49,High,15
45,7.9,2,6,4.3,3.8,2.97,Moderate,18
46,9.7,3.8,9.6,0.3,0.6,3.55,High,14.4
47,5.1,3.7,7.1,5.8,2.3,2.6,Low,16.9
48,9.3,1.3,5.8,3.3,4.3,3.09,High,18.2
49,9.7,2.8,7.9,0.3,3.3,3.47,High,16.1
50,9.4,3,8.5,2.2,0.9,3.18,High,15.5
51,6.8,1.2,9,4.9,2.1,3.12,Moderate,15
52,9,2.6,8.5,3.1,0.8,4,High,15.5
53,9.5,1.4,6.9,0.6,5.6,3.33,High,17.1
54,7.3,2.2,6.4,3.5,4.6,3.11,Moderate,17.6
55,5.2,0.1,9.1,2.2,7.4,2.79,Low,14.9
56,8.8,0.9,8.1,0.5,5.7,3.1,High,15.9
57,5.3,2.1,7.7,3.8,5.1,2.39,Low,16.3
58,9,1.1,7.2,0.5,6.2,3.39,High,16.8
59,5.1,3.9,9.2,4,1.8,2.52,Low,14.8
60,5.8,1,7.7,4.3,5.2,2.8,Low,16.3
61,8.3,1.1,9.8,3.5,1.3,3.67,High,14.2
62,7.1,1,6.8,4.5,4.6,3.27,Moderate,17.2
63,5.1,0.5,5.2,0.2,13,2.85,High,18.8
64,7.4,0.4,7.5,2.8,5.9,3.26,Moderate,16.5
65,5.9,1.7,7,3.7,5.7,2.8,Low,17
66,6.9,2.5,7.5,5.1,2,3.06,Moderate,16.5
67,8.3,0.7,5.4,3.9,5.7,3.26,High,18.6
68,9.7,2.3,6.9,3.3,1.8,3.38,High,17.1
69,7.3,2.2,9.7,1.9,2.9,3.15,Moderate,14.3
70,5.4,1.3,9.2,0.1,8,2.69,Low,14.8
71,9.1,1.1,5.6,4.2,4,3.54,High,18.4
72,8.7,3.2,6.4,1,4.7,3.37,High,17.6
73,8.8,3.2,10,0.8,1.2,3.58,High,14
74,6.7,3.7,9.3,1.8,2.5,2.89,Moderate,14.7
75,8.8,3,5.5,5.4,1.3,3.58,High,18.5
76,6.6,3.6,6.9,0.1,6.8,2.99,Moderate,17.1
77,9.5,0.4,6.6,5.7,1.8,3.44,High,17.4
78,8.2,1.8,6.5,2,5.5,3.35,High,17.5
79,8.4,3,9,2.8,0.8,3.26,High,15
80,5.3,2.2,7.2,5.3,4,2.62,Low,16.8
81,6.8,0.5,5.7,4.6,6.4,2.86,High,18.3
82,5.4,2.8,5.4,4.9,5.5,2.86,High,18.6
83,8.5,0.3,5.4,5.9,3.9,2.99,High,18.6
84,9.1,3.8,9.9,0.9,0.3,3.08,High,14.1
85,6.9,0.3,8.9,3.4,4.5,3.21,Moderate,15.1
86,5.6,2,5.1,2.8,8.5,2.81,High,18.9
87,5.3,0.5,5.6,3.9,8.7,2.9,High,18.4
88,9.8,1.5,6.4,5.2,1.1,3.78,High,17.6
89,6.1,3.9,5.1,5.8,3.1,2.96,High,18.9
90,5.4,2.2,9.8,3.1,3.5,2.81,Low,14.2
91,8.1,2.8,7.3,3.6,2.2,3.39,High,16.7
92,5.2,1.1,9.8,5.3,2.6,2.82,Low,14.2
93,7.3,2.5,6.4,1.1,6.7,2.67,Moderate,17.6
94,7.9,0.3,9.9,5.8,0.1,3.08,Moderate,14.1
95,8.5,2.1,6.5,4.9,2,3.1,High,17.5
96,9.6,3.3,9.7,1,0.4,3.54,High,14.3
97,8.1,1.7,9.7,3.9,0.6,3.45,High,14.3
98,9.9,0.6,8,2.1,3.4,3.39,High,16
99,9.8,3.4,9.2,0.7,0.9,3.15,High,14.8
100,5.3,3.5,9.1,6,0.1,2.68,Low,14.9
101,10,2.2,8.8,2.8,0.2,3.41,High,15.2
102,7.3,0.5,9.8,3.6,2.8,3.22,Moderate,14.2
103,6.1,2.7,8.1,2.1,5,2.98,Moderate,15.9
104,7.6,3.1,7.6,4.9,0.8,2.99,Moderate,16.4
105,7.8,2.2,9.4,1.9,2.7,3.3,Moderate,14.6
106,8.5,0.9,5.7,0.1,8.8,3.55,High,18.3
107,6.8,2.4,7,2.6,5.2,2.97,Moderate,17
108,7.6,3.1,7,3.7,2.6,3.28,Moderate,17
109,9.3,3.8,5.7,4.8,0.4,3.05,High,18.3
110,7.3,3.9,7.5,1.7,3.6,3.08,Moderate,16.5
111,8.2,1,5.4,0.8,8.6,3.3,High,18.6
112,5.9,1.4,9.5,2.8,4.4,2.7,Low,14.5
113,8.3,0.7,6,0.2,8.8,3.14,High,18
114,5.9,0.4,5.6,2.8,9.3,2.73,High,18.4
115,6,1.5,7.5,4.1,4.9,2.76,Moderate,16.5
116,9.4,3.7,5.3,1.6,4,3.45,High,18.7
117,9,3,5.9,1.3,4.8,3.29,High,18.1
118,8.1,1.5,7.3,4.5,2.6,2.75,High,16.7
119,5.2,1,8.6,5.4,3.8,3.4,Low,15.4
120,5.5,1.8,7.7,1.5,7.5,3.05,Low,16.3
121,6.3,1.5,5.1,1.9,9.2,2.82,High,18.9
122,5.6,3.6,8,4.1,2.7,2.62,Low,16
123,8.9,2,5.4,3.2,4.5,3.64,High,18.6
124,7.2,0.5,6.4,2.2,7.7,3.19,Moderate,17.6
125,8.2,2.3,6.8,5.9,0.8,2.95,High,17.2
126,5.5,0.6,6.2,1,10.7,2.94,Low,17.8
127,5.9,1.1,5.9,5.4,5.7,2.89,High,18.1
128,7.1,3.9,5.6,2.4,5,2.9,High,18.4
129,9.8,3.5,9.1,0.4,1.2,3.57,High,14.9
130,9.6,2.2,7.9,1.2,3.1,3.24,High,16.1
131,8.8,0.7,6.6,2.6,5.3,2.99,High,17.4
132,5.6,2.4,6.4,3.5,6.1,2.85,Low,17.6
133,5.8,1.9,7.7,0.3,8.3,2.7,Low,16.3
134,5.3,4,6.6,4.9,3.2,2.72,Low,17.4
135,6.3,2.7,8.8,3.6,2.6,2.45,Moderate,15.2
136,6.7,3.7,9.2,4.2,0.2,2.85,Moderate,14.8
137,5.6,2.9,9.7,1.1,4.7,2.86,Low,14.3
138,7.9,3.4,5.7,4.8,2.2,3.15,High,18.3
139,6,0.7,5.8,4.9,6.6,2.96,High,18.2
140,6.8,3.5,7,4.9,1.8,3.44,Moderate,17
141,7.2,1.5,7.3,1.8,6.2,3.08,Moderate,16.7
142,6.2,3.6,6.9,3.3,4,3.27,Moderate,17.1
143,9.5,2.5,5.6,5.6,0.8,3.13,High,18.4
144,5.7,3.2,8.1,3.2,3.8,3.08,Low,15.9
145,9.5,3.2,5.8,1.7,3.8,3.59,High,18.2
146,5.2,2.3,8.8,5.3,2.4,2.61,Low,15.2
147,6.7,3.3,5.6,5.1,3.3,2.95,High,18.4
148,9,0.6,6.1,4.3,4,3.15,High,17.9
149,8.6,2.6,8.5,2.3,2,3.14,High,15.5
150,5.9,3.6,7.9,2.4,4.2,2.64,Low,16.1
151,7.3,3.8,5.8,3.5,3.6,3.58,High,18.2
152,5.1,3.5,9.7,3.2,2.5,2.79,Low,14.3
153,8.5,3.7,8.5,0.5,2.8,3.65,High,15.5
154,7.1,2.9,9.7,4,0.3,3.33,Moderate,14.3
155,7.3,0.5,9.9,5,1.3,3.11,Moderate,14.1
156,8,1.6,5.3,2,7.1,3.42,High,18.7
157,9,0,6.7,2.4,5.9,3.51,High,17.3
158,6.7,1.4,8.7,2.7,4.5,3.02,Moderate,15.3
159,6.1,1.8,5.7,1.1,9.3,2.38,High,18.3
160,9.6,1.4,7.9,3.2,1.9,3.43,High,16.1
161,5.1,2.7,5.9,5.8,4.5,2.71,High,18.1
162,5.4,4,7.5,3.6,3.5,2.59,Low,16.5
163,5.3,3,6,5.4,4.3,2.68,Low,18
164,5.2,1.9,7.8,0.4,8.7,2.67,Low,16.2
165,8.9,1.8,7.6,2.5,3.2,3.58,High,16.4
166,5.8,0.7,9.3,5.7,2.5,2.46,Low,14.7
167,6.9,1.1,8.2,2.5,5.3,3.22,Moderate,15.8
168,5.1,0.9,6.2,4,7.8,3.02,Low,17.8
169,5.1,0.4,9,1.1,8.4,2.52,Low,15
170,5.5,1,8.6,5.1,3.8,2.97,Low,15.4
171,9.2,1.6,8.3,1,3.9,3.5,High,15.7
172,5.1,0.3,6,0.2,12.4,2.7,Low,18
173,5.9,2.3,7.1,5.4,3.3,2.78,Low,16.9
174,6.3,1.5,8,1.6,6.6,3.15,Moderate,16
175,8.1,1.6,7.8,2.6,3.9,3.26,High,16.2
176,8.8,0.6,9.3,2.6,2.7,3.3,High,14.7
177,9.5,3.2,7.1,0.1,4.1,3.49,High,16.9
178,8.2,1,5.7,5,4.1,2.89,High,18.3
179,9.9,2.1,5.9,1.6,4.5,3.52,High,18.1
180,6.4,2.2,8.3,5,2.1,2.76,Moderate,15.7
181,6,0,5.7,5.4,6.9,2.95,High,18.3
182,8,2.7,5.9,5.5,1.9,3.4,High,18.1
183,7.1,1.5,7.6,0.3,7.5,3.17,Moderate,16.4
184,5.4,2.4,6.2,2.3,7.7,2.66,Low,17.8
185,6.4,1.4,8.6,1.8,5.8,2.77,Moderate,15.4
186,8.3,3.7,8.7,0.7,2.6,3.77,High,15.3
187,5.2,1,8,0.3,9.5,3.29,Low,16
188,6.7,3.1,5.5,0.5,8.2,2.99,High,18.5
189,8.6,2,8.4,2.2,2.8,3.43,High,15.6
190,9,2.8,6.4,3.4,2.4,3.24,High,17.6
191,6.8,0.4,9.6,0.8,6.4,3.01,Moderate,14.4
192,5.9,2.2,9.4,4.4,2.1,3.01,Low,14.6
193,9,2.6,8.5,3.3,0.6,3.34,High,15.5
194,6.1,4,9.7,0.2,4,2.58,Moderate,14.3
195,8.5,3.7,5.9,3.4,2.5,3.06,High,18.1
196,9.6,3.9,9.7,0.4,0.4,3.65,High,14.3
197,9.3,3.4,6.6,3.9,0.8,3.41,High,17.4
198,6.2,0.5,5.4,4.2,7.7,2.84,High,18.6
199,6.7,2.9,5.3,1.9,7.2,3.29,High,18.7
200,6.6,2.5,9.4,3.4,2.1,3.03,Moderate,14.6
201,6.2,0.1,9.4,0.1,8.2,2.95,Moderate,14.6
202,9.7,3.2,10,0.4,0.7,3.67,High,14
203,8.8,1.6,7.4,3.8,2.4,3.23,High,16.6
204,7.1,3,6.2,0.7,7,3.36,Moderate,17.8
205,6.8,1.1,6.5,1.4,8.2,3.01,Moderate,17.5
206,6.9,2.7,6.1,5.7,2.6,3.08,Moderate,17.9
207,8.9,0.4,7.1,5.3,2.3,3.33,High,16.9
208,8.1,0.7,10,1.2,4,3.35,High,14
209,9.7,2.6,8,1.9,1.8,3.33,High,16
210,6.1,0.7,8.9,2.1,6.2,2.81,Moderate,15.1
211,5.3,3.9,9.4,5,0.4,3.08,Low,14.6
212,8.5,0.6,9.1,1.3,4.5,3.16,High,14.9
213,6.1,2.1,8,3.5,4.3,2.79,Moderate,16
214,9.4,3.8,9.3,1.2,0.3,3.33,High,14.7
215,8.3,2.2,5.4,2.5,5.6,2.97,High,18.6
216,8.6,2,5.4,1.3,6.7,3.14,High,18.6
217,8.4,0.3,9.3,3,3,3.77,High,14.7
218,9.1,1.4,8.4,2.9,2.2,3.26,High,15.6
219,6.3,3.5,9,3.4,1.8,3.11,Moderate,15
220,8.5,2.7,8.1,3.5,1.2,3.38,High,15.9
221,5.8,3.5,9.4,0.2,5.1,2.84,Low,14.6
222,6.7,3,5.8,4.9,3.6,3.03,High,18.2
223,9.2,2,5,1.7,6.1,3.42,High,19
224,8.2,1,8.2,3.2,3.4,3.24,High,15.8
225,8.9,0.4,8.8,3.2,2.7,3.32,High,15.2
226,8.2,3.7,5.5,5.6,1,3.29,High,18.5
227,8.4,0.3,6.5,4.2,4.6,3.29,High,17.5
228,6.7,2.5,5.2,5.2,4.4,2.86,High,18.8
229,9.9,3.9,8.7,0.2,1.3,3.8,High,15.3
230,8.4,1.8,6.4,6,1.4,3.25,High,17.6
231,7.1,1.8,5.8,4.8,4.5,2.86,High,18.2
232,5.4,2.7,8.3,1.6,6,2.95,Low,15.7
233,9.8,0.6,7.2,5.7,0.7,3.84,High,16.8
234,7,1.1,9.9,2.5,3.5,2.84,Moderate,14.1
235,9.5,0.9,6.1,0.2,7.3,3.17,High,17.9
236,9.3,1.9,9.8,0.6,2.4,3.68,High,14.2
237,9.3,3.1,8.9,2.3,0.4,3.52,High,15.1
238,5.7,0.1,9.6,3.7,4.9,3.12,Low,14.4
239,9,1.9,5.6,0.8,6.7,3.21,High,18.4
240,6,2,5.3,3.5,7.2,3.26,High,18.7
241,6.3,3.2,6.6,2.7,5.2,2.85,Moderate,17.4
242,8,1.2,8.5,5.2,1.1,2.72,Moderate,15.5
243,8.9,0.2,7.4,0.6,6.9,3.33,High,16.6
244,8.1,2.8,7.8,0.1,5.2,2.98,High,16.2
245,6.6,2.1,5.4,2.1,7.8,2.79,High,18.6
246,7.8,2.8,9,0.9,3.5,3.11,Moderate,15
247,5.8,0.4,8.2,4.2,5.4,2.88,Low,15.8
248,8.5,3.5,8.6,2.7,0.7,3.15,High,15.4
249,6.7,3.3,5.4,5.4,3.2,3.27,High,18.6
250,7.3,2.6,7.6,4.4,2.1,3.13,Moderate,16.4
251,5.4,0.2,6.2,1,11.2,2.75,Low,17.8
252,9.9,1.3,5.9,4.7,2.2,3.57,High,18.1
253,8.3,2,7.8,4.2,1.7,3.25,High,16.2
254,6,2.7,5.4,0.2,9.7,2.92,High,18.6
255,6.3,1.9,9.3,4.4,2.1,2.85,Moderate,14.7
256,6.7,1.5,9.9,0.2,5.7,3.32,Moderate,14.1
257,9.3,2.3,7.2,3.8,1.4,3.61,High,16.8
258,9.5,1.7,6.4,3.6,2.8,3.42,High,17.6
259,9.6,0.8,8.1,3.5,2,3.31,High,15.9
260,8.6,3.6,5.9,1.4,4.5,3.37,High,18.1
261,9.9,0.7,9.3,2,2.1,3.59,High,14.7
262,7.2,2.1,6.8,3.6,4.3,3.01,Moderate,17.2
263,5.8,1.6,9.8,1.5,5.3,2.61,Low,14.2
264,8.9,0.5,9.8,2.2,2.6,3.57,High,14.2
265,6.2,0.3,5.8,3.1,8.6,3.13,High,18.2
266,7.2,1,8.1,4.2,3.5,2.98,Moderate,15.9
267,5.8,0.7,5.2,4.4,7.9,2.81,High,18.8
268,9.2,3.2,7.9,3.2,0.5,3.8,High,16.1
269,6,0.4,6.3,0.3,11,3.05,Moderate,17.7
270,5.2,0.5,7.3,5.6,5.4,2.79,Low,16.7
271,6.6,2,5.2,0.9,9.3,3.17,High,18.8
272,7.3,2.1,7.4,4,3.2,3.16,Moderate,16.6
273,5.7,0.1,6.5,4.2,7.5,2.98,Low,17.5
274,9.8,0.4,8.4,2.4,3,3.26,High,15.6
275,9.3,0.7,8.5,4.6,0.9,3.43,High,15.5
276,7.5,2.5,9.3,2.7,2,3.2,Moderate,14.7
277,5.2,3.7,8.4,4.1,2.6,2.91,Low,15.6
278,7,2.6,5.5,3.9,5,2.82,High,18.5
279,10,0.2,9.9,1.6,2.3,3.56,High,14.1
280,7.8,3,9.4,1.5,2.3,3.25,Moderate,14.6
281,6.6,2.7,9,4.3,1.4,2.93,Moderate,15
282,9.1,0.5,7.7,0,6.7,3.64,High,16.3
283,6.6,1.5,7,4.2,4.7,2.79,Moderate,17
284,6.2,1.5,6.1,0.4,9.8,2.5,Moderate,17.9
285,8,2.7,8.1,2.4,2.8,3.4,Moderate,15.9
286,7.6,1.9,5.1,2,7.4,3.08,High,18.9
287,6.9,1.6,7.9,3.2,4.4,3.31,Moderate,16.1
288,9.1,2.9,9.8,0,2.2,3.48,High,14.2
289,6,0,8.2,5.4,4.4,2.92,Moderate,15.8
290,5.3,3.7,6.8,0.6,7.6,2.78,Low,17.2
291,7.4,1,6.4,1.8,7.4,3.15,Moderate,17.6
292,6.6,2.4,8.6,1.6,4.8,3.27,Moderate,15.4
293,7.1,0.5,5.9,4.1,6.4,3.09,High,18.1
294,8.5,0.4,7.8,1.5,5.8,3.01,High,16.2
295,9.8,1.9,9,1.8,1.5,3.5,High,15
296,9.8,2.4,9.1,2.4,0.3,3.38,High,14.9
297,6.1,0.8,8.1,2.5,6.5,2.67,Moderate,15.9
298,8.9,1.1,9.1,2.1,2.8,3.2,High,14.9
299,8.3,0.4,8.1,2.7,4.5,3.01,High,15.9
300,8.7,3.5,6.1,0.5,5.2,3.37,High,17.9
301,5.1,2.6,8,3.3,5,2.65,Low,16
302,8,2,9.9,0.6,3.5,2.93,Moderate,14.1
303,8.5,1.6,7.1,4.3,2.5,3.39,High,16.9
304,6.4,0.3,5.4,5.4,6.5,3.29,High,18.6
305,6,1.3,6.1,2.1,8.5,2.91,Moderate,17.9
306,5.3,3.2,6.2,3.2,6.1,2.64,Low,17.8
307,9.4,2.6,7.7,1.4,2.9,3.66,High,16.3
308,10,2.6,7.8,2.6,1,3.26,High,16.2
309,7.3,0.2,7.8,5.7,3,3.2,Moderate,16.2
310,6,2.1,5.5,2.7,7.7,2.72,High,18.5
311,8.8,1.4,8.3,4.4,1.1,3.1,High,15.7
312,10,3.7,7.7,2.2,0.4,3.44,High,16.3
313,7.6,2.5,5.4,4.5,4,3.17,High,18.6
314,8.9,2.8,5.2,1.8,5.3,3.3,High,18.8
315,6.3,1.4,5.4,5.6,5.3,2.58,High,18.6
316,7,1.8,8,3.1,4.1,3.15,Moderate,16
317,9.6,2,10,2,0.4,3.46,High,14
318,6.9,3.5,9.3,3.5,0.8,3.02,Moderate,14.7
319,9,1.2,5.4,2.4,6,3.46,High,18.6
320,6.7,3.9,8.2,4.3,0.9,2.83,Moderate,15.8
321,5.7,3.4,9.6,2.6,2.7,3.13,Low,14.4
322,5.9,2,7,0.9,8.2,3,Low,17
323,6.8,0.3,5.1,0.8,11,3.03,High,18.9
324,9.8,1.7,6.6,3,2.9,3.58,High,17.4
325,7.2,0.4,8.2,1.3,6.9,3.39,Moderate,15.8
326,5.8,0.2,8.9,2.8,6.3,3.11,Low,15.1
327,5.3,4,5.3,4.2,5.2,2.67,High,18.7
328,8.5,0.2,7.5,6,1.8,3.21,High,16.5
329,9.1,2.5,6.5,3.7,2.2,2.85,High,17.5
330,5.7,3.5,7.2,1.2,6.4,3.04,Low,16.8
331,6.8,1.7,9.1,4.4,2,2.9,Moderate,14.9
332,5.1,1,8.8,0.8,8.3,2.25,Low,15.2
333,7.7,0.9,5.1,1.4,8.9,3.15,High,18.9
334,5.5,2.2,7.3,5.1,3.9,2.94,Low,16.7
335,5.5,2,5.8,1.9,8.8,2.79,High,18.2
336,6.9,1.6,7.3,4.7,3.5,3.38,Moderate,16.7
337,9.5,3.8,8.9,0.6,1.2,3.3,High,15.1
338,6.3,3.4,5.2,5.4,3.7,3.31,High,18.8
339,7.3,2.5,8.3,5.3,0.6,3.36,Moderate,15.7
340,5.3,2.1,5.8,4.4,6.4,3.11,High,18.2
341,7.6,2.7,5.2,0.5,8,3.07,High,18.8
342,5.4,0,9.8,4.4,4.4,2.85,Low,14.2
343,6.8,1.2,6.7,4.6,4.7,2.81,Moderate,17.3
344,5.9,0.4,8.3,4.6,4.8,2.99,Low,15.7
345,6.3,0.1,5.4,5.8,6.4,3.14,High,18.6
346,8.1,1.5,6,0.7,7.7,3.06,High,18
347,8.1,3.1,8.2,2.4,2.2,3.09,High,15.8
348,9.9,2.4,7.9,2.8,1,3.67,High,16.1
349,9.1,2.6,5.6,2,4.7,3.16,High,18.4
350,7.2,2.5,9.7,1.1,3.5,2.69,Moderate,14.3
351,5.6,0.8,9.4,3.9,4.3,3.01,Low,14.6
352,9.3,3.4,9.6,0.4,1.3,3.28,High,14.4
353,8.8,1.8,9.2,3.1,1.1,3.45,High,14.8
354,5.9,2.2,9.9,5.6,0.4,3.12,Low,14.1
355,5.2,0.7,5.7,4.4,8,2.67,High,18.3
356,7.5,3.4,8.7,2.4,2,3.24,Moderate,15.3
357,8,2,6.5,3.4,4.1,3.35,Moderate,17.5
358,8.2,3,5.8,2.8,4.2,3.31,High,18.2
359,5,1,8.6,6,3.4,2.71,Low,15.4
360,9,0.8,7.8,4.4,2,3.18,High,16.2
361,8.1,0.8,6.8,4.7,3.6,3.19,High,17.2
362,8.8,0.1,8.7,1.2,5.2,3.32,High,15.3
363,9.8,1.5,6.6,0.9,5.2,3.61,High,17.4
364,10,1.5,7.2,3.8,1.5,3.43,High,16.8
365,9.4,2.4,7,2.1,3.1,3.1,High,17
366,9,0.4,7.9,2.9,3.8,3.6,High,16.1
367,8.2,0.3,7.9,3.4,4.2,3.64,High,16.1
368,8.4,3.2,6.3,5,1.1,3.5,High,17.7
369,7.5,0.3,5.3,2,8.9,3.26,High,18.7
370,8.9,2.1,7.2,0.9,4.9,3.53,High,16.8
371,6.6,1.7,5.4,1.3,9,3.29,High,18.6
372,10,3.7,8.2,0.9,1.2,3.63,High,15.8
373,8.2,3.1,5.6,2.5,4.6,3.16,High,18.4
374,7.9,2.4,5.9,2.2,5.6,3.4,High,18.1
375,6.7,0.1,5.1,5,7.1,3.03,High,18.9
376,6.5,3.8,6.3,2.6,4.8,2.62,Moderate,17.7
377,9.4,3.4,5.9,4.3,1,3.18,High,18.1
378,5.7,0.3,8.6,3,6.4,2.28,Low,15.4
379,7.2,2.9,8.8,0.8,4.3,2.88,Moderate,15.2
380,8.8,2.6,9.8,0.2,2.6,3.38,High,14.2
381,5.3,1.1,6.3,1.5,9.8,2.75,Low,17.7
382,6.4,3,7.2,4.7,2.7,3.03,Moderate,16.8
383,5.3,2,5.2,0.4,11.1,2.31,High,18.8
384,6.7,3.6,5.1,4,4.6,3.18,High,18.9
385,9.8,2.2,9.7,0.1,2.2,3.16,High,14.3
386,8.7,3.9,6.3,3.3,1.8,3.2,High,17.7
387,6,2.3,7.3,5.8,2.6,2.58,Moderate,16.7
388,5.6,0.6,6.1,1.5,10.2,3.07,Low,17.9
389,9.3,2.2,7.6,0.6,4.3,3.48,High,16.4
390,5.3,2.8,7.7,0.5,7.7,2.93,Low,16.3
391,7.3,1.9,5.8,5.7,3.3,3.18,High,18.2
392,7.3,1.6,8.3,3.3,3.5,3.28,Moderate,15.7
393,5.3,2.1,9,2.8,4.8,2.67,Low,15
394,5.8,1.3,8.8,3.1,5,2.71,Low,15.2
395,6,3.5,9.4,4.4,0.7,2.84,Moderate,14.6
396,9.9,3.1,5.1,0.4,5.5,3.17,High,18.9
397,7.3,3.6,7.7,2.7,2.7,3.15,Moderate,16.3
398,9.1,1.5,8.9,4.3,0.2,3.21,High,15.1
399,6,2.1,6.4,4.8,4.7,3.27,Moderate,17.6
400,9,1.6,9.6,2,1.8,3.57,High,14.4
401,5.8,2.8,9,1.9,4.5,2.8,Low,15
402,5.9,3.6,8.3,0.9,5.3,2.8,Low,15.7
403,7.2,2.5,5.4,5.3,3.6,3.08,High,18.6
404,9.8,1.7,9.9,1.7,0.9,3.75,High,14.1
405,8.2,0.7,9.4,2.4,3.3,3.47,High,14.6
406,8.6,3.6,5.4,4.4,2,3.81,High,18.6
407,5.9,3.4,9.1,3,2.6,2.68,Low,14.9
408,7.4,3.3,7.3,2.1,3.9,3.34,Moderate,16.7
409,7.5,3.3,6.7,1,5.5,3.29,Moderate,17.3
410,5.5,1,5.7,2.1,9.7,2.93,High,18.3
411,7.3,3,8.3,3.4,2,3.29,Moderate,15.7
412,7.4,3.9,8.2,0.6,3.9,3.02,Moderate,15.8
413,8.4,1.3,8.4,0.4,5.5,3.32,High,15.6
414,6.1,3.3,6.4,3.9,4.3,2.86,Moderate,17.6
415,8.5,2.1,6.5,1.3,5.6,3.38,High,17.5
416,9.4,3.1,8.9,1.7,0.9,3.45,High,15.1
417,6.3,3.6,8.4,3.2,2.5,2.92,Moderate,15.6
418,7.3,3.5,7.7,2.1,3.4,2.9,Moderate,16.3
419,9.9,0.4,7.1,0.3,6.3,3.55,High,16.9
420,6.4,3.4,6.5,5.5,2.2,3,Moderate,17.5
421,8.8,3.2,5.1,5.8,1.1,3.13,High,18.9
422,9.1,1.1,9.4,0.5,3.9,3.58,High,14.6
423,8.5,2.2,5.5,1.5,6.3,3.27,High,18.5
424,6.5,2.4,6.5,1.8,6.8,2.91,Moderate,17.5
425,8.7,0.2,9.5,4.8,0.8,3.5,High,14.5
426,9.5,0.7,5.4,1.4,7,3.77,High,18.6
427,9,0.1,7.9,6,1,3.36,High,16.1
428,5.3,3.3,8,0.7,6.7,3.03,Low,16
429,5.5,3.6,8.3,5,1.6,2.86,Low,15.7
430,7.6,1.7,6.6,2.6,5.5,3.34,Moderate,17.4
431,8.9,2.4,9.5,1.4,1.8,3.66,High,14.5
432,8,2.8,6.2,3.1,3.9,3.46,Moderate,17.8
433,5.5,1.5,7.4,3.9,5.7,2.85,Low,16.6
434,8.7,2,8.2,0.4,4.7,3.42,High,15.8
435,6.3,1.4,7.4,0.3,8.6,2.86,Moderate,16.6
436,9.9,1.3,7.4,1.1,4.3,3.35,High,16.6
437,8.1,1.1,6,3.1,5.7,3.15,High,18
438,9,2.3,7.6,1.5,3.6,3.2,High,16.4
439,9.7,1.6,5.4,3.7,3.6,3.39,High,18.6
440,7.5,3.5,7.5,3.9,1.6,2.97,Moderate,16.5
441,10,0.5,6.4,2.4,4.7,3.14,High,17.6
442,9.5,2.9,8,1.1,2.5,3.11,High,16
443,9.1,3.8,9.1,0,2,3.27,High,14.9
444,6.3,0.2,8,4.1,5.4,2.97,Moderate,16
445,5.6,1.5,7.3,2.2,7.4,2.8,Low,16.7
446,8.8,0.3,5.4,2.1,7.4,3.12,High,18.6
447,9.7,2.7,8.4,1.2,2,3.44,High,15.6
448,8.2,3.7,8.1,3.5,0.5,3.23,High,15.9
449,8.6,0.5,9.5,0.4,5,3.06,High,14.5
450,5.1,1.7,6.5,2.9,7.8,2.79,Low,17.5
451,7.9,0.2,5.6,3.4,6.9,3.44,High,18.4
452,8.3,3.4,8.5,1.6,2.2,3.07,High,15.5
453,8.4,1.1,6.5,4.7,3.3,3.54,High,17.5
454,9.1,3.4,9.6,0.8,1.1,3.31,High,14.4
455,6.6,2.3,6.9,3.6,4.6,3.2,Moderate,17.1
456,6.9,0.7,7.2,0.9,8.3,3.26,Moderate,16.8
457,9.5,1.4,5.8,0.2,7.1,3.69,High,18.2
458,6.7,0.3,7,1.9,8.1,3.28,Moderate,17
459,8.4,2.4,6.8,1.3,5.1,3.25,High,17.2
460,8.4,0.6,7.4,0.2,7.4,3.32,High,16.6
461,7.5,3.9,6.9,0.2,5.5,3.11,Moderate,17.1
462,5.8,0.1,8.8,2.8,6.5,2.8,Low,15.2
463,6.4,3.6,5.6,5.7,2.7,3.1,High,18.4
464,8,3.3,9.9,0.8,2,3.13,Moderate,14.1
465,9.8,1.6,6.9,1.9,3.8,3.23,High,17.1
466,7.8,2.2,8.8,4.3,0.9,3.2,Moderate,15.2
467,7.2,1.2,6.3,1.2,8.1,3.05,Moderate,17.7
468,6.4,3.9,7.8,2,3.9,2.87,Moderate,16.2
469,7.9,0.6,7.2,3.8,4.5,2.68,Moderate,16.8
470,10,3.5,8.1,1.4,1,3.44,High,15.9
471,8.1,0.8,7,0.2,7.9,3.74,High,17
472,6.1,3.9,9.5,3.2,1.3,2.61,Moderate,14.5
473,7.7,3.5,5.7,4.7,2.4,3.21,High,18.3
474,6.4,3.5,9.7,0.7,3.7,2.89,Moderate,14.3
475,7.3,3.9,7.4,4.7,0.7,2.74,Moderate,16.6
476,6.4,0.8,8.8,2.3,5.7,3.21,Moderate,15.2
477,7.6,2,7.9,5.2,1.3,3.13,Moderate,16.1
478,9.1,3.1,7.9,3.7,0.2,3.42,High,16.1
479,6,0.4,9.3,2.6,5.7,3.02,Moderate,14.7
480,8.1,3.7,5.1,2.9,4.2,2.63,High,18.9
481,8.4,2.9,8.5,0.6,3.6,3.07,High,15.5
482,9,1.1,6.1,5.7,2.1,3.07,High,17.9
483,5,4,8.4,5,1.6,2.9,Low,15.6
484,8.7,0.6,8.8,4.5,1.4,3.41,High,15.2
485,8.3,3.1,9.2,2.1,1.3,3.24,High,14.8
486,5.4,1.6,7,0.4,9.6,2.63,Low,17
487,6.7,0.4,9,5.7,2.2,2.63,Moderate,15
488,5.4,2,9,4.2,3.4,2.85,Low,15
489,5.3,0.3,7,1.8,9.6,2.64,Low,17
490,9,3.7,7,3.9,0.4,3.16,High,17
491,6.6,1.9,6.1,3.8,5.6,3,Moderate,17.9
492,6.8,2.6,5.6,5.3,3.7,3.08,High,18.4
493,7.5,1.8,7.9,3.7,3.1,3.17,Moderate,16.1
494,6.2,2.9,9.1,4.7,1.1,2.83,Moderate,14.9
495,7.8,2.1,5.7,4.7,3.7,3.16,High,18.3
496,6.4,0.5,8.1,0.3,8.7,2.61,Moderate,15.9
497,8.7,1.3,5,3.1,5.9,3.24,High,19
498,9.2,0,6.2,4.4,4.2,3.41,High,17.8
499,6.6,0.4,6.8,1.6,8.6,2.89,Moderate,17.2
500,8.9,3.6,7.2,3.9,0.4,3.51,High,16.8
501,6.9,3.9,5.4,4.1,3.7,2.55,High,18.6
502,8.2,2.8,5,1,7,3.2,High,19
503,8.6,2.7,9.8,2.2,0.7,3.31,High,14.2
504,6.5,0.4,8.9,3.9,4.3,3.01,Moderate,15.1
505,5.2,1.4,9.8,3,4.6,2.49,Low,14.2
506,6,1.5,6.8,0.3,9.4,2.44,Moderate,17.2
507,8.8,1.7,9.1,3.7,0.7,3.44,High,14.9
508,7.4,3.5,6.1,4.1,2.9,2.88,Moderate,17.9
509,8,1.2,5.7,3.9,5.2,3.03,High,18.3
510,8.2,1.6,8.6,1.1,4.5,3.46,High,15.4
511,9.5,1.1,6.8,0.3,6.3,3.43,High,17.2
512,6.3,3.3,5.1,2.3,7,2.74,High,18.9
513,6.7,0.1,5.6,2.5,9.1,2.49,High,18.4
514,7.7,2.4,5,2.8,6.1,3.12,High,19
515,9.8,2.1,8.4,1.2,2.5,3.61,High,15.6
516,7.6,3.9,5.6,0.1,6.8,3.28,High,18.4
517,8.9,3.2,5.6,1.6,4.7,3.36,High,18.4
518,6.7,1.5,5,1.8,9,3.31,High,19
519,8.2,3.9,9.2,0.1,2.6,3.26,High,14.8
520,8.9,1.8,7,1.8,4.5,3.38,High,17
521,5.3,0.9,6.2,2.9,8.7,2.76,Low,17.8
522,5.3,3.8,9.7,4.1,1.1,3.13,Low,14.3
523,10,2.2,9.8,0.2,1.8,3.25,High,14.2
524,6,0.6,8.1,4.7,4.6,2.78,Moderate,15.9
525,7.9,0.6,9.1,3.8,2.6,3.5,Moderate,14.9
526,6.3,1.4,9.6,1.7,5,2.74,Moderate,14.4
527,7.3,3.6,8.5,0.3,4.3,2.93,Moderate,15.5
528,5.7,3.8,7.6,1.5,5.4,3.27,Low,16.4
529,7.5,2.7,5.4,1.6,6.8,3.09,High,18.6
530,7.7,1.7,5.2,1,8.4,3.43,High,18.8
531,7.2,0.8,5.2,5.1,5.7,2.99,High,18.8
532,9.8,0.8,9.8,3.6,0,3.59,High,14.2
533,8.6,3.9,7.8,1,2.7,3.69,High,16.2
534,5.4,2.5,9.9,1.1,5.1,2.54,Low,14.1
535,9,3.6,9.7,1.6,0.1,3.44,High,14.3
536,8.8,0.6,7.4,4.3,2.9,3.32,High,16.6
537,6.2,2.6,8.3,1,5.9,3.23,Moderate,15.7
538,7.5,0,5,2.1,9.4,3.2,High,19
539,9.6,0.9,8.2,1.2,4.1,3.62,High,15.8
540,8.6,0.4,7.1,0.2,7.7,3.2,High,16.9
541,7.4,2.6,5.6,1.7,6.7,3.26,High,18.4
542,10,0.2,8.8,1.9,3.1,3.46,High,15.2
543,7,3,9.6,4.2,0.2,2.68,Moderate,14.4
544,8.9,1,7.8,2.2,4.1,3.54,High,16.2
545,8.3,1,6,5.5,3.2,3.25,High,18
546,6.1,0.2,5.2,1.1,11.4,2.72,High,18.8
547,9.3,1.1,9.8,2.2,1.6,3.79,High,14.2
548,7.6,3,6.4,2.1,4.9,2.83,Moderate,17.6
549,9.5,3.8,9.5,0.5,0.7,3.4,High,14.5
550,7.5,0.8,8,1.1,6.6,3.43,Moderate,16
551,6.7,3.4,6,0.4,7.5,2.48,Moderate,18
552,9.1,3.3,6.7,3.4,1.5,3.4,High,17.3
553,8.9,2.6,5.8,5.3,1.4,2.98,High,18.2
554,7.1,0.2,5.6,4.6,6.5,3.13,High,18.4
555,5,1.7,7.6,0.3,9.4,2.53,Low,16.4
556,6.2,0,8.6,5.8,3.4,2.71,Moderate,15.4
557,6.1,2.7,8.7,5.1,1.4,2.57,Moderate,15.3
558,6.6,2.9,9.1,1,4.4,2.85,Moderate,14.9
559,6.9,3.6,9,4.4,0.1,2.92,Moderate,15
560,8,2.6,5.4,3.3,4.7,3.48,High,18.6
561,8.5,0.7,8.9,3.4,2.5,3.41,High,15.1
562,6.5,2.9,8.8,0.6,5.2,2.67,Moderate,15.2
563,7.6,2,6.8,5.6,2,3.25,Moderate,17.2
564,8.6,1.8,9.6,2.8,1.2,3.47,High,14.4
565,8.6,3.4,6.4,4.5,1.1,3.18,High,17.6
566,6.7,3.9,9.3,2.9,1.2,2.78,Moderate,14.7
567,8.6,2.2,9.7,1.7,1.8,3.07,High,14.3
568,8.9,2.9,6.9,0.1,5.2,3.26,High,17.1
569,9.2,0,8.5,5.8,0.5,3.08,High,15.5
570,8.5,3.3,7.7,4.4,0.1,3.2,High,16.3
571,5.3,2,8.6,5.2,2.9,2.89,Low,15.4
572,7.8,1.6,5.7,5.2,3.7,3.06,High,18.3
573,5.8,1.2,6.5,5.2,5.3,3.08,Low,17.5
574,6.3,2.5,7.9,5,2.3,3.07,Moderate,16.1
575,9.5,0,8.4,0.3,5.8,3.07,High,15.6
576,6.5,1.4,8.1,2,6,3.06,Moderate,15.9
577,8.7,1.6,5.3,4.7,3.7,3.2,High,18.7
578,8.4,1.3,5.3,2.2,6.8,2.92,High,18.7
579,9.7,2.6,8.4,2.1,1.2,3.38,High,15.6
580,8.8,0.4,6.4,1.7,6.7,3.05,High,17.6
581,7.2,3.9,5.3,3.1,4.5,3.03,High,18.7
582,8.7,2.8,7.1,1.9,3.5,3.12,High,16.9
583,7,1.1,6,2.9,7,2.87,Moderate,18
584,8.3,3.9,8,0.3,3.5,3.04,High,16
585,5.4,3.8,6.5,0.6,7.7,3.14,Low,17.5
586,8.2,1.1,5.1,5.8,3.8,3.5,High,18.9
587,6.3,2.7,8.5,3.7,2.8,2.72,Moderate,15.5
588,8,3.5,9.7,0.3,2.5,3.02,Moderate,14.3
589,5.8,3.8,8.7,5,0.7,2.95,Low,15.3
590,8.5,2.7,7,0.1,5.7,3.01,High,17
591,7.9,1,7.3,5.7,2.1,3.41,Moderate,16.7
592,5.9,2.7,9.9,0.6,4.9,2.82,Low,14.1
593,5,1.7,5.5,4.5,7.3,2.72,High,18.5
594,6.3,1.7,8.6,0.1,7.3,3.11,Moderate,15.4
595,7.9,2.5,8.2,1.3,4.1,3.08,Moderate,15.8
596,6,3.5,8.7,0.1,5.7,2.95,Moderate,15.3
597,6.2,0.9,6.4,1.5,9,2.92,Moderate,17.6
598,8.7,2.4,8.4,0.4,4.1,3.16,High,15.6
599,9.8,3.4,9,1.5,0.3,3.49,High,15
600,6,2.5,8.7,4.4,2.4,3.05,Moderate,15.3
601,7.6,0.3,6.9,5.5,3.7,3.35,Moderate,17.1
602,6.3,1.5,9.5,4,2.7,3.42,Moderate,14.5
603,8.9,1.8,8.2,1.3,3.8,3.21,High,15.8
604,7.2,2.6,9.7,0.3,4.2,3.42,Moderate,14.3
605,9.1,1.2,7.2,0.1,6.4,3.37,High,16.8
606,5.3,2,9.6,0.6,6.5,2.41,Low,14.4
607,8.8,1.6,8.3,1.4,3.9,3.26,High,15.7
608,5.4,0.7,8.3,5.3,4.3,2.75,Low,15.7
609,9.1,2.7,5.6,1.7,4.9,3.15,High,18.4
610,7.6,2.1,6.8,2.1,5.4,2.97,Moderate,17.2
611,9.1,3.2,6.5,4.8,0.4,3.34,High,17.5
612,6.8,2,9.7,4.8,0.7,3.09,Moderate,14.3
613,5.5,1.6,7.8,3,6.1,2.9,Low,16.2
614,8.4,3.4,9.3,2.2,0.7,3.2,High,14.7
615,7.2,2.4,5.8,4,4.6,3.19,High,18.2
616,6.1,0.5,5.8,0,11.6,2.73,High,18.2
617,8.6,2.9,7.6,0.8,4.1,3.15,High,16.4
618,5.5,0.9,7.6,3.6,6.4,2.57,Low,16.4
619,6.2,0.2,7,1.4,9.2,3.13,Moderate,17
620,7.1,1.7,7.7,4.2,3.3,3.48,Moderate,16.3
621,8.5,0.7,7.5,2.5,4.8,3.34,High,16.5
622,7.7,0.5,8,0.7,7.1,3.34,Moderate,16
623,6.7,0.6,8.5,1.2,7,3.18,Moderate,15.5
624,6,2,7.1,0.1,8.8,2.85,Moderate,16.9
625,9,0.3,7.4,3.4,3.9,3.64,High,16.6
626,6.3,0,8.6,3.2,5.9,3.14,Moderate,15.4
627,9.2,3.3,9.2,1.1,1.2,3.6,High,14.8
628,7.3,0.7,9.3,5.3,1.4,2.97,Moderate,14.7
629,7.3,0.3,6.9,4.8,4.7,3.09,Moderate,17.1
630,5.3,3.5,6.9,3.3,5,2.81,Low,17.1
631,9.8,0.3,8.2,0.4,5.3,3.71,High,15.8
632,7.2,4,7.8,1.6,3.4,2.98,Moderate,16.2
633,6.1,1.4,6.9,0.4,9.2,2.79,Moderate,17.1
634,8.6,2.6,8.5,0,4.3,2.85,High,15.5
635,6.1,2.6,7.4,0,7.9,3.03,Moderate,16.6
636,7.7,0.3,8.8,3.5,3.7,3.29,Moderate,15.2
637,8.9,3,9,1.6,1.5,3.42,High,15
638,8.1,3,5.8,1.2,5.9,3.04,High,18.2
639,9.5,3,9.5,1.5,0.5,3.76,High,14.5
640,9.4,2.3,8.2,0.6,3.5,3.62,High,15.8
641,7.4,2.9,6.4,1.2,6.1,2.89,Moderate,17.6
642,6.1,1.7,9.5,3,3.7,2.76,Moderate,14.5
643,5.9,0.3,8.5,2.3,7,2.99,Low,15.5
644,9,1.1,8.5,1.4,4,3.56,High,15.5
645,9.7,2.5,6.6,1.4,3.8,3.57,High,17.4
646,6.1,2.4,6.3,4,5.2,2.73,Moderate,17.7
647,9.1,3.1,8.8,0.6,2.4,3.42,High,15.2
648,6.8,1.7,5.2,1.6,8.7,2.91,High,18.8
649,5.2,3.5,6.2,3.3,5.8,2.8,Low,17.8
650,6.6,3.6,9.4,1.4,3,2.94,Moderate,14.6
651,9.5,4,9.1,1.2,0.2,3.52,High,14.9
652,5.3,0.4,10,2,6.3,2.49,Low,14
653,8.7,3.2,9.3,2.8,0,3.1,High,14.7
654,5.1,1.4,8.9,3.4,5.2,2.72,Low,15.1
655,6.6,2.6,6.2,0.1,8.5,3.11,Moderate,17.8
656,8.8,0.2,9.2,3.6,2.2,3.59,High,14.8
657,7.8,2.5,9.3,2.6,1.8,3.2,Moderate,14.7
658,8.8,1.8,8.5,1.9,3,3.32,High,15.5
659,6.1,2.4,9.6,5.5,0.4,2.99,Moderate,14.4
660,6.1,4,9.9,2.6,1.4,2.49,Moderate,14.1
661,9,2.9,8,0.2,3.9,3.74,High,16
662,8.4,1.5,9.7,0.7,3.7,3.16,High,14.3
663,7.5,2.8,8.5,3.4,1.8,2.98,Moderate,15.5
664,8.2,2.4,5.9,4.2,3.3,3.13,High,18.1
665,7.3,2.7,9.2,0.8,4,3.41,Moderate,14.8
666,9.2,3.2,9.8,1,0.8,3.55,High,14.2
667,7.4,1.6,5.8,3.4,5.8,3.19,High,18.2
668,7.9,2.4,6.8,0.3,6.6,3.14,Moderate,17.2
669,5.2,1.7,5.4,3.6,8.1,2.55,High,18.6
670,9.3,3.5,6,3.8,1.4,3.52,High,18
671,6.4,3.2,10,0.1,4.3,3.01,Moderate,14
672,9.9,1.9,9.2,0.2,2.8,3.65,High,14.8
673,6.7,0.3,9.9,4.9,2.2,2.96,Moderate,14.1
674,5.4,0.8,6.1,2.8,8.9,2.66,Low,17.9
675,6.3,0.4,5.8,0.9,10.6,2.93,High,18.2
676,6.4,3.2,6.6,1.8,6,3.06,Moderate,17.4
677,6.2,0.5,6.3,2.1,8.9,2.84,Moderate,17.7
678,6.1,3.2,5.7,2.1,6.9,2.95,High,18.3
679,9.3,0.6,5.4,2.9,5.8,3.51,High,18.6
680,9,0.5,7.9,3,3.6,2.99,High,16.1
681,5.7,2.5,6.4,2.9,6.5,2.84,Low,17.6
682,6.5,3.3,5.3,2.5,6.4,2.81,High,18.7
683,7.3,2.9,7.9,3.9,2,3.19,Moderate,16.1
684,6.6,2.2,9.2,5.9,0.1,3.06,Moderate,14.8
685,9.4,1.5,6,2.9,4.2,3.4,High,18
686,7.4,3.4,6.8,5.2,1.2,3.45,Moderate,17.2
687,7,1.3,7.3,4.6,3.8,3,Moderate,16.7
688,9.8,0.7,7.8,3.3,2.4,3.41,High,16.2
689,7.4,2.6,6.1,3.3,4.6,3.41,Moderate,17.9
690,5.7,2.3,5.9,1.7,8.4,2.62,High,18.1
691,6.1,0.7,9.1,1.7,6.4,2.69,Moderate,14.9
692,6.9,3.2,6.8,0.5,6.6,3.08,Moderate,17.2
693,7.8,3.4,9,0.7,3.1,2.95,Moderate,15
694,6.1,3.5,6.2,1.6,6.6,3.05,Moderate,17.8
695,5,3.5,9,3.8,2.7,2.62,Low,15
696,7.3,1.4,5.5,2.9,6.9,3.19,High,18.5
697,9.6,0.2,6.5,1.2,6.5,3.5,High,17.5
698,7.3,1.9,8.8,0.9,5.1,3.06,Moderate,15.2
699,7.4,1.7,8,6,0.9,3,Moderate,16
700,9.1,0.7,5.2,1.2,7.8,3.64,High,18.8
701,6.7,2,8.1,5.5,1.7,3.11,Moderate,15.9
702,5.3,0.1,7.8,2.6,8.2,3.58,Low,16.2
703,9.2,0.6,5.1,2.7,6.4,3.27,High,18.9
704,8,1.1,5.9,2.3,6.7,3.27,High,18.1
705,9,1.6,8.8,0.6,4,3.2,High,15.2
706,8.4,2.3,9.6,1.4,2.3,3.41,High,14.4
707,5.3,0.1,9.1,3.1,6.4,2.65,Low,14.9
708,6.7,0.1,9.8,4,3.4,3.15,Moderate,14.2
709,9.7,1.1,8.1,3.5,1.6,3.63,High,15.9
710,9.7,3.5,8.7,0.6,1.5,3.36,High,15.3
711,6.4,3.9,5.1,4.3,4.3,3.14,High,18.9
712,10,1.2,6.7,0.5,5.6,3.79,High,17.3
713,7.2,1,6.7,5,4.1,3.21,Moderate,17.3
714,5.3,0.4,5.8,3.6,8.9,2.76,High,18.2
715,5.8,3.9,7.2,3,4.1,2.83,Low,16.8
716,8.3,3,8.8,2.3,1.6,2.92,High,15.2
717,9.5,3.3,8.8,0.1,2.3,3.24,High,15.2
718,7,3.5,9.5,3.6,0.4,3.4,Moderate,14.5
719,6.6,2.8,6.4,1.1,7.1,2.88,Moderate,17.6
720,7.1,3.3,5.6,4.4,3.6,2.85,High,18.4
721,7.7,1.2,7.5,1.8,5.8,2.88,Moderate,16.5
722,5.8,0.5,7.7,5.4,4.6,3.27,Low,16.3
723,6.7,2.9,8.3,5.6,0.5,3.06,Moderate,15.7
724,8.3,3.6,7,1.7,3.4,3.5,High,17
725,5.1,3.3,9,0.6,6,2.54,Low,15
726,5.6,3.9,6.1,0.4,8,3.32,Low,17.9
727,8,3,5.2,4,3.8,3.01,High,18.8
728,5.9,2.3,6.5,5.6,3.7,2.9,Low,17.5
729,9.1,3.9,6.3,4.6,0.1,2.98,High,17.7
730,5.3,0.2,8.5,2.7,7.3,2.62,Low,15.5
731,6.1,2.5,6.3,3.5,5.6,3.13,Moderate,17.7
732,9.1,1.9,6.8,2.2,4,3.27,High,17.2
733,9,1.3,6,0.5,7.2,3.05,High,18
734,9.2,0.9,6.9,4.9,2.1,2.81,High,17.1
735,9.1,1.5,7.3,1.8,4.3,3.4,High,16.7
736,7.7,0.1,7.4,2.4,6.4,3.24,Moderate,16.6
737,5.8,2.6,9.9,3.2,2.5,2.8,Low,14.1
738,7.1,0.5,8.1,5.6,2.7,3.1,Moderate,15.9
739,8.3,0.3,6.8,3.3,5.3,3.48,High,17.2
740,9.1,2.4,6.9,1.4,4.2,3.3,High,17.1
741,5.5,1.4,7.1,4.1,5.9,2.71,Low,16.9
742,7,0.7,5.8,5,5.5,3.09,High,18.2
743,5.2,1.7,5.8,5.3,6,2.48,High,18.2
744,7.5,2.9,9.8,0.8,3,3.19,Moderate,14.2
745,9.4,3.7,9.6,0.8,0.5,3.16,High,14.4
746,8.8,2.1,8.4,2,2.7,3.66,High,15.6
747,8.7,3.3,5.7,5,1.3,3.55,High,18.3
748,7.2,1.5,9.6,1.4,4.3,3.11,Moderate,14.4
749,9.2,1.9,7.6,1.6,3.7,3.02,High,16.4
750,5.2,1.1,5,5.9,6.8,2.93,High,19
751,9.8,1.6,8.6,1.4,2.6,3.68,High,15.4
752,9.7,1.6,8.9,1,2.8,3.57,High,15.1
753,10,0.1,8,3.9,2,3.35,High,16
754,9.7,0.7,8.1,1.2,4.3,3.53,High,15.9
755,6.5,2.2,7.1,1,7.2,2.91,Moderate,16.9
756,8.8,3.6,5.4,2.4,3.8,3.08,High,18.6
757,5.5,0.1,8.3,3.6,6.5,2.73,Low,15.7
758,5.1,3.3,9.9,0.8,4.9,2.64,Low,14.1
759,6.2,3.5,9.6,2,2.7,2.55,Moderate,14.4
760,5.1,2.3,5.1,4.7,6.8,3.03,High,18.9
761,6.5,0.2,7.9,2.4,7,2.98,Moderate,16.1
762,6.4,2.8,6.4,5.4,3,3.05,Moderate,17.6
763,6.9,2.2,5.3,2.6,7,3.12,High,18.7
764,6.1,0.9,9.1,5.6,2.3,3.01,Moderate,14.9
765,5.5,1.8,6.7,5.2,4.8,2.24,Low,17.3
766,6.7,1.6,7.6,1,7.1,2.93,Moderate,16.4
767,7.9,3.2,8.8,0.6,3.5,3.09,Moderate,15.2
768,6.8,1.6,8.4,0.3,6.9,2.88,Moderate,15.6
769,5.2,1.6,8.5,1.2,7.5,2.52,Low,15.5
770,9.4,3.6,6.5,1,3.5,3.57,High,17.5
771,7.1,1,8.4,5,2.5,3.26,Moderate,15.6
772,7,0.6,8.7,2.2,5.5,3.15,Moderate,15.3
773,8.4,1.1,5.4,6,3.1,3.44,High,18.6
774,9.3,1.2,7.3,3.7,2.5,3.76,High,16.7
775,7.1,1.7,6.7,3.4,5.1,2.99,Moderate,17.3
776,9.7,2.8,9.1,1.3,1.1,3.54,High,14.9
777,8.9,0.1,9.1,0.2,5.7,3.14,High,14.9
778,8.8,1,9.3,0.5,4.4,3.18,High,14.7
779,5.6,3.9,8.4,5.1,1,3.08,Low,15.6
780,8,2.4,8.4,3,2.2,2.96,Moderate,15.6
781,7.1,1.1,8.8,1.4,5.6,2.85,Moderate,15.2
782,8.1,3,6.1,0.4,6.4,3.37,High,17.9
783,5.7,2.4,9.2,0.3,6.4,2.69,Low,14.8
784,7.4,3.7,6.7,2.8,3.4,3.36,Moderate,17.3
785,5.1,0.3,6.3,0.2,12.1,2.55,Low,17.7
786,7.7,0.7,6.5,4,5.1,3.54,Moderate,17.5
787,9.8,0.2,9.5,2.6,1.9,3.47,High,14.5
788,5.3,0.4,8,2,8.3,3.37,Low,16
789,9.6,1.6,5.7,4.3,2.8,3.49,High,18.3
790,8.5,3.6,9,2,0.9,2.9,High,15
791,8.4,3.8,6.5,0,5.3,3.08,High,17.5
792,8.3,2.5,8,0.1,5.1,3.1,High,16
793,8.6,1.3,8.3,3.2,2.6,3.11,High,15.7
794,5.5,3.3,9.6,3.6,2,2.75,Low,14.4
795,5.5,1.6,8.6,4.7,3.6,2.64,Low,15.4
796,6.3,0.1,7.7,5.1,4.8,3.22,Moderate,16.3
797,9.8,2.3,7.6,0.4,3.9,3.04,High,16.4
798,8,1.6,6.2,0.6,7.6,3.38,Moderate,17.8
799,6.6,0.4,5.9,5.9,5.2,3.27,High,18.1
800,9.4,4,7.9,2.2,0.5,2.91,High,16.1
801,6.6,1.2,7,4,5.2,2.76,Moderate,17
802,5.7,2.5,5.6,3.5,6.7,3.08,High,18.4
803,8.5,2.8,8.8,3.4,0.5,3.63,High,15.2
804,8.1,0.7,5.1,1.7,8.4,3.21,High,18.9
805,7.2,2.5,9.2,1,4.1,3.07,Moderate,14.8
806,7.9,2.2,5.4,0.3,8.2,2.99,High,18.6
807,5.5,2.3,7.7,1.4,7.1,3.05,Low,16.3
808,5.2,2,8.4,1.5,6.9,2.88,Low,15.6
809,6.5,2.5,9.5,4.5,1,3.29,Moderate,14.5
810,6.8,2.6,7.3,1.1,6.2,3.13,Moderate,16.7
811,8.5,2.2,6.8,5.5,1,3.07,High,17.2
812,8.4,1.6,8.8,2.4,2.8,3.51,High,15.2
813,7.1,3.7,6.3,0.7,6.2,3.15,Moderate,17.7
814,6.9,0.2,6.7,3,7.2,3.05,Moderate,17.3
815,5.8,2.6,10,2.5,3.1,2.64,Low,14
816,5.6,3.5,7.1,2.3,5.5,2.5,Low,16.9
817,8.3,1.8,8.2,0.4,5.3,3.33,High,15.8
818,5.8,1.9,8,3.5,4.8,2.9,Low,16
819,7,1.4,5.6,2.4,7.6,3.15,High,18.4
820,6,0.2,7.8,3.6,6.4,2.75,Moderate,16.2
821,9.4,2.3,6.7,4.5,1.1,3.25,High,17.3
822,7.8,3.6,7,1.7,3.9,3.19,Moderate,17
823,5.7,0.6,7.2,3.6,6.9,2.96,Low,16.8
824,9.1,0.3,7.4,3.8,3.4,3.66,High,16.6
825,9.1,3.1,6.4,5.1,0.3,3.45,High,17.6
826,7.9,3.7,8.4,1.9,2.1,2.68,Moderate,15.6
827,9,3.8,5.1,5.9,0.2,3.22,High,18.9
828,7.2,2.6,6.9,0.3,7,3,Moderate,17.1
829,8,3.6,6.9,1.2,4.3,3.08,Moderate,17.1
830,9.1,3.3,7.9,1.3,2.4,3.35,High,16.1
831,9,2.2,9.1,2.3,1.4,3.44,High,14.9
832,7.1,3.8,7.7,3.3,2.1,3.33,Moderate,16.3
833,6.1,2.5,7.9,1.1,6.4,2.94,Moderate,16.1
834,8.8,2.1,6.1,4,3,3.2,High,17.9
835,5.4,1.8,5.8,1.1,9.9,2.71,High,18.2
836,5.3,1.6,7.6,2.9,6.6,2.54,Low,16.4
837,6.9,3.4,5.7,3,5,3.37,High,18.3
838,9.4,2.2,9.8,0.1,2.5,3.79,High,14.2
839,5.5,0.2,5.9,3.2,9.2,2.74,High,18.1
840,9.7,3.4,6.5,0.3,4.1,3.48,High,17.5
841,5.8,0.5,5.6,3.1,9,2.73,High,18.4
842,9.9,2.7,9.7,0.2,1.5,3.23,High,14.3
843,6.9,2.2,5.4,0,9.5,3.27,High,18.6
844,7.1,2,7.1,0.1,7.7,3.34,Moderate,16.9
845,6.7,0.7,5.5,5.7,5.4,3.31,High,18.5
846,6.6,1.6,6.2,0.6,9,3.12,Moderate,17.8
847,5.9,3.2,8.4,3.3,3.2,3.05,Low,15.6
848,5.4,1.1,6.7,4.7,6.1,2.8,Low,17.3
849,10,1,9.4,3,0.6,3.4,High,14.6
850,7,3.9,5.9,4.8,2.4,2.78,High,18.1
851,6.7,2.9,7.1,3.5,3.8,3.09,Moderate,16.9
852,9.3,0.2,8.5,0.8,5.2,3.49,High,15.5
853,7.1,2.2,7,3.1,4.6,2.87,Moderate,17
854,5.7,0.6,9.7,5.3,2.7,3.18,Low,14.3
855,9.5,4,6,1.6,2.9,3.39,High,18
856,7.1,1.4,8,3.5,4,3.48,Moderate,16
857,5.8,1.9,7.8,3.4,5.1,3.01,Low,16.2
858,5.1,1.4,8.9,3.4,5.2,2.6,Low,15.1
859,6.3,2.8,7.8,4.8,2.3,3.08,Moderate,16.2
860,7.4,0.5,6.3,2.5,7.3,3.4,Moderate,17.7
861,8,2.1,6.4,0,7.5,2.83,Moderate,17.6
862,8.7,0.1,7.9,5.6,1.7,3.3,High,16.1
863,5.9,1.9,5.5,3.8,6.9,2.45,High,18.5
864,7.6,3.6,6,0.1,6.7,3.38,Moderate,18
865,9.3,2.3,9.5,1.7,1.2,3.34,High,14.5
866,8.7,3.7,7.9,0.7,3,3.57,High,16.1
867,6.3,0.8,6.2,1.8,8.9,3.37,Moderate,17.8
868,7.1,2.5,5.4,0.5,8.5,3.33,High,18.6
869,5.9,2.1,6.1,1.7,8.2,3.13,Low,17.9
870,5.1,2.6,8.3,4.8,3.2,2.69,Low,15.7
871,9.7,0.1,5.8,5.3,3.1,3.92,High,18.2
872,8.3,2.7,9.7,3.3,0,2.95,High,14.3
873,8.6,1.1,9.4,0.2,4.7,3.36,High,14.6
874,6.3,0.9,5.7,5.2,5.9,2.9,High,18.3
875,7.5,2.7,6.2,4.5,3.1,2.97,Moderate,17.8
876,7.1,0.8,9.9,3.9,2.3,3.28,Moderate,14.1
877,9.7,1.2,8.9,3.2,1,3.26,High,15.1
878,8.4,2.9,7.9,1,3.8,3.2,High,16.1
879,7.5,1.2,7.1,3.9,4.3,2.96,Moderate,16.9
880,7,1.1,6,4.7,5.2,3.2,Moderate,18
881,9.5,1.5,8.8,3.8,0.4,3.36,High,15.2
882,9.8,1.5,6.7,0.4,5.6,3.54,High,17.3
883,7.4,0.4,6.2,1.9,8.1,3.16,Moderate,17.8
884,6.5,3.4,9.3,3.7,1.1,3.02,Moderate,14.7
885,5.7,2.8,9.7,4,1.8,2.86,Low,14.3
886,8.2,2,5.6,1.9,6.3,2.81,High,18.4
887,9,3.4,5.7,5.6,0.3,3.59,High,18.3
888,8.8,3.2,9.7,0.7,1.6,3.07,High,14.3
889,9.3,0.5,8.5,4.2,1.5,3.17,High,15.5
890,9.4,0.7,5.3,4.3,4.3,3.57,High,18.7
891,7.4,3.4,6.9,1,5.3,3.15,Moderate,17.1
892,5.9,2.9,7.6,3.6,4,3.13,Low,16.4
893,7.3,3.3,9.1,3.1,1.2,3.34,Moderate,14.9
894,6.8,3.5,8.6,0.6,4.5,3.23,Moderate,15.4
895,7,3.5,5.2,5.8,2.5,3.26,High,18.8
896,6.4,1,9.7,1.8,5.1,3.25,Moderate,14.3
897,8.9,1.6,5.7,0.1,7.7,3.42,High,18.3
898,6.8,1.4,6.7,3.1,6,3.03,Moderate,17.3
899,7.2,3.5,7.5,2.9,2.9,3.04,Moderate,16.5
900,8.3,2.4,7.1,2.5,3.7,3.22,High,16.9
901,8.9,0.8,9.1,3.4,1.8,3.1,High,14.9
902,6.3,3,7.6,1.9,5.2,2.48,Moderate,16.4
903,8,4,7.2,4.4,0.4,3.11,Moderate,16.8
904,6,1.7,6.1,0,10.2,2.87,Moderate,17.9
905,9.6,3.4,8.7,0.4,1.9,3.5,High,15.3
906,7.2,0.5,7.6,2.1,6.6,3.11,Moderate,16.4
907,6.9,2.5,8.6,0.7,5.3,3.29,Moderate,15.4
908,6.7,1.8,8.4,3.1,4,2.92,Moderate,15.6
909,9.3,3.5,5,4.7,1.5,3.45,High,19
910,7.4,3.9,8.8,1,2.9,3.11,Moderate,15.2
911,7.7,4,9.3,0.3,2.7,2.96,Moderate,14.7
912,5,1.6,6.2,4.9,6.3,3.01,Low,17.8
913,6.7,3.3,5,1.8,7.2,2.85,High,19
914,5.3,0.7,7.8,1.7,8.5,2.64,Low,16.2
915,7.1,1.5,9.4,5.4,0.6,2.65,Moderate,14.6
916,5.5,3.8,5.3,1.8,7.6,2.81,High,18.7
917,6.5,1.3,5.8,4.7,5.7,3.04,High,18.2
918,5.6,0.3,9.5,1.1,7.5,2.66,Low,14.5
919,9.1,2.2,5.4,5.7,1.6,3.48,High,18.6
920,5.8,3.4,5.1,3.1,6.6,2.79,High,18.9
921,8.8,3.7,9.5,1.6,0.4,3.29,High,14.5
922,6.4,1.2,6.9,2.4,7.1,3,Moderate,17.1
923,7.7,0.6,8.5,1,6.2,3.16,Moderate,15.5
924,9,3,8.2,0.6,3.2,2.96,High,15.8
925,7.7,0.3,6.9,2.5,6.6,3.08,Moderate,17.1
926,5.9,1.6,9.7,0.8,6,2.86,Low,14.3
927,8.8,0.4,9.9,1.9,3,3.19,High,14.1
928,8.1,0.8,5.7,5.6,3.8,3.45,High,18.3
929,9.6,3.5,8.1,2.3,0.5,3.4,High,15.9
930,6.6,2.5,6.8,0.9,7.2,2.88,Moderate,17.2
931,8,3.3,6.9,0.8,5,3.08,Moderate,17.1
932,6.5,2.6,8,4.2,2.7,2.83,Moderate,16
933,6.8,3.3,6,2.8,5.1,2.92,Moderate,18
934,5.5,3.5,6.7,4.1,4.2,2.92,Low,17.3
935,5.1,2.8,6.6,0.3,9.2,2.49,Low,17.4
936,6.9,0.3,5.7,1.8,9.3,3.15,High,18.3
937,5.4,3.6,5,2.9,7.1,2.74,High,19
938,9.6,0.6,9.8,0.8,3.2,3.29,High,14.2
939,8.7,2.2,9.4,2,1.7,3.03,High,14.6
940,5.8,3.7,6.6,2.2,5.7,2.9,Low,17.4
941,8.8,1.4,9.8,3,1,3.51,High,14.2
942,5.2,1,7.3,1.4,9.1,2.83,Low,16.7
943,8.7,3.7,7.1,1.5,3,3.29,High,16.9
944,7.4,1.4,9.5,3.2,2.5,3.22,Moderate,14.5
945,8.8,3.2,6.7,2.3,3,3.24,High,17.3
946,9,3.8,8.1,2.3,0.8,3.55,High,15.9
947,9,3.4,7,0.2,4.4,3.68,High,17
948,7.3,3,6.8,3.8,3.1,2.91,Moderate,17.2
949,5.9,3,7.7,1.2,6.2,3.09,Low,16.3
950,7.4,0.9,9.8,4.2,1.7,2.94,Moderate,14.2
951,9.8,1.7,7.4,4.6,0.5,3.84,High,16.6
952,6.3,1.8,5.6,1.2,9.1,2.99,High,18.4
953,5,0.2,9.9,1.5,7.4,2.94,Low,14.1
954,7.8,0.6,8.6,3.6,3.4,3.26,Moderate,15.4
955,8.7,3.1,9.9,1.3,1,3.55,High,14.1
956,5.3,3.6,5.6,2,7.5,2.53,High,18.4
957,9.1,2.4,7,2.6,2.9,3.28,High,17
958,9.3,0.4,8.9,4.6,0.8,3.58,High,15.1
959,5.9,1.7,5.8,4.2,6.4,3.32,High,18.2
960,6,0.8,5.2,1.9,10.1,3.01,High,18.8
961,7.8,3.4,8.3,2,2.5,3.18,Moderate,15.7
962,6.3,0.2,8.6,0.7,8.2,3.1,Moderate,15.4
963,6.5,2.1,7.8,3.6,4,2.9,Moderate,16.2
964,8.1,3.9,8.6,3.1,0.3,2.99,High,15.4
965,8.8,2.4,6,4,2.8,3.59,High,18
966,7.4,2.1,6.7,3.1,4.7,3.44,Moderate,17.3
967,6,3.2,5.9,0.5,8.4,3.28,High,18.1
968,7.2,1.1,7.8,2.1,5.8,2.93,Moderate,16.2
969,9.7,3.7,7.5,1,2.1,3.04,High,16.5
970,9.6,0,7.8,4.4,2.2,3.38,High,16.2
971,7.4,0.3,9.9,3.1,3.3,2.84,Moderate,14.1
972,7.4,1.7,5.4,0.6,8.9,3.23,High,18.6
973,9.2,1,6,3,4.8,3.18,High,18
974,5.2,0.2,9.2,0.7,8.7,2.82,Low,14.8
975,5.2,1.8,9.2,1.6,6.2,2.68,Low,14.8
976,7.2,2.3,7.9,2,4.6,3.06,Moderate,16.1
977,6.6,0.4,6.8,0.6,9.6,3.31,Moderate,17.2
978,6.4,2.5,7.3,2.9,4.9,3.12,Moderate,16.7
979,8.8,1.1,6.6,5.5,2,3.32,High,17.4
980,9.6,2.4,7.7,1.1,3.2,3.3,High,16.3
981,6.7,3.4,7.8,3.1,3,2.98,Moderate,16.2
982,8,0.3,8.4,5.6,1.7,3.28,Moderate,15.6
983,7.9,0.5,7.9,4.6,3.1,3.38,Moderate,16.1
984,8.2,3.6,8.1,0.5,3.6,3.18,High,15.9
985,6.5,0.8,9.5,4.6,2.6,2.74,Moderate,14.5
986,5.9,3,7.4,1.4,6.3,3.1,Low,16.6
987,8.1,0.2,6.6,2.8,6.3,3.14,High,17.4
988,6,3.1,7.1,3.4,4.4,2.84,Moderate,16.9
989,5.1,0.1,7.2,4.9,6.7,2.94,Low,16.8
990,6.9,3.3,5.7,5.6,2.5,3.05,High,18.3
991,8.8,3.8,8.4,1.1,1.9,3.3,High,15.6
992,6.7,2.8,8.8,5.3,0.4,3.05,Moderate,15.2
993,6,3.2,8.7,0.4,5.7,2.6,Moderate,15.3
994,6.5,3.9,8.2,3.9,1.5,2.82,Moderate,15.8
995,9.9,1.5,9,1.6,2,3.44,High,15
996,9.7,0.9,6.6,4.5,2.3,3.5,High,17.4
997,7,2.4,7.2,4.5,2.9,3,Moderate,16.8
998,5.8,1.4,7,0.3,9.5,2.49,Low,17
999,7.9,3.5,5.8,3.6,3.2,3.01,High,18.2
1000,8.5,1.6,7.5,0,6.4,3.63,High,16.5
1001,8.5,2.6,5.2,2.2,5.5,3.26,High,18.8
1002,7.5,3.6,8.6,2.5,1.8,3.19,Moderate,15.4
1003,9,3.5,7.3,2,2.2,3.43,High,16.7
1004,8.5,0.3,9.3,2.8,3.1,3.26,High,14.7
1005,5.3,2.2,7.1,5.3,4.1,2.9,Low,16.9
1006,7.8,0.2,9.9,3.1,3,3.07,Moderate,14.1
1007,6.5,1.9,9.3,1.8,4.5,2.92,Moderate,14.7
1008,6.5,3.1,7.4,1.4,5.6,2.93,Moderate,16.6
1009,5.8,1.3,9.7,2.1,5.1,2.87,Low,14.3
1010,5.9,3.6,7.3,4.3,2.9,2.95,Low,16.7
1011,9.9,0.2,5.5,4.3,4.1,3.32,High,18.5
1012,5.2,0.1,8.9,0.8,9,2.66,Low,15.1
1013,7.3,2.4,7.1,0.2,7,3.17,Moderate,16.9
1014,7.2,2.1,7.4,2.3,5,3.13,Moderate,16.6
1015,9.4,3.6,6.7,2.6,1.7,2.81,High,17.3
1016,6.4,3.8,5.7,3.5,4.6,3.07,High,18.3
1017,6.4,1.1,7,6,3.5,2.98,Moderate,17
1018,5.4,0.6,7.2,3.1,7.7,2.68,Low,16.8
1019,6.3,1.3,5.4,1.8,9.2,3.1,High,18.6
1020,9.5,0,9.1,5.1,0.3,3.05,High,14.9
1021,5.5,0.6,9.8,3.2,4.9,3.2,Low,14.2
1022,8.7,4,6.4,2.6,2.3,3.21,High,17.6
1023,7.7,1.6,5.8,5.9,3,3.15,High,18.2
1024,8,0.9,7.7,4.2,3.2,3.44,Moderate,16.3
1025,7.6,4,8.1,1.6,2.7,3.02,Moderate,15.9
1026,6.9,1.4,7.2,4.7,3.8,3.14,Moderate,16.8
1027,7.4,3.2,7.9,1.9,3.6,2.99,Moderate,16.1
1028,6.1,2,6.3,0.1,9.5,3.05,Moderate,17.7
1029,8.2,2,7.2,5.8,0.8,3.45,High,16.8
1030,5.7,2.3,9.3,3.5,3.2,2.9,Low,14.7
1031,8.6,1.5,5.5,2.7,5.7,3.49,High,18.5
1032,6.2,3.9,9.8,1,3.1,2.87,Moderate,14.2
1033,6.7,3.6,9.8,1.7,2.2,3.06,Moderate,14.2
1034,8.4,1.1,8.7,0.3,5.5,2.86,High,15.3
1035,5.2,1.5,6.8,1.9,8.6,2.38,Low,17.2
1036,6,1.2,9.9,2.5,4.4,2.88,Moderate,14.1
1037,7.2,2.3,9.9,1.1,3.5,3.31,Moderate,14.1
1038,8,0.4,8.4,0.4,6.8,3.39,Moderate,15.6
1039,8,3,6.1,5,1.9,2.9,Moderate,17.9
1040,5.7,3.8,5.4,1.2,7.9,2.81,High,18.6
1041,6.7,2.5,7.7,0.8,6.3,2.81,Moderate,16.3
1042,6.1,1.6,8.5,1.3,6.5,2.76,Moderate,15.5
1043,6.8,1.6,9.9,5.4,0.3,2.89,Moderate,14.1
1044,5.3,1.3,6.3,3,8.1,2.94,Low,17.7
1045,8.9,3.4,9.2,0.9,1.6,3.11,High,14.8
1046,5.3,2.8,5,2.5,8.4,3.02,High,19
1047,6.6,2.8,8.8,1.8,4,2.87,Moderate,15.2
1048,7.2,2.9,8.5,5.3,0.1,3.26,Moderate,15.5
1049,6.1,2.6,8,5.5,1.8,3.01,Moderate,16
1050,7.8,1.1,7.4,2,5.7,3.04,Moderate,16.6
1051,7.9,3.6,7.8,3,1.7,3.05,Moderate,16.2
1052,6.2,2,6.6,1.1,8.1,2.94,Moderate,17.4
1053,7.5,1.3,6.3,2.8,6.1,3.21,Moderate,17.7
1054,5.5,3.1,9,4.6,1.8,2.97,Low,15
1055,5.6,2.6,9.2,3.5,3.1,2.72,Low,14.8
1056,7.6,0.1,8.2,0.5,7.6,3.56,Moderate,15.8
1057,7.2,1.2,7.7,0.8,7.1,3.28,Moderate,16.3
1058,5.8,0.4,5.7,5.3,6.8,3,High,18.3
1059,7.6,1.9,5.5,3.9,5.1,3.17,High,18.5
1060,8.1,0.3,5.6,0.3,9.7,3.25,High,18.4
1061,6.3,0.5,6.3,2.3,8.6,2.97,Moderate,17.7
1062,9.2,2.8,5.6,4.4,2,3.5,High,18.4
1063,6.4,2.6,6.7,6,2.3,2.78,Moderate,17.3
1064,9.7,0.1,8.5,4.1,1.6,3.26,High,15.5
1065,9.2,3.9,9.9,0.1,0.9,3.48,High,14.1
1066,8.2,0.5,8.3,5.9,1.1,3.44,High,15.7
1067,9.6,1.8,5.2,2.2,5.2,3.55,High,18.8
1068,7.3,0.2,7.1,2.8,6.6,3.27,Moderate,16.9
1069,9.6,2.6,6.6,2.7,2.5,3.37,High,17.4
1070,6.8,2.7,8.3,4.3,1.9,2.58,Moderate,15.7
1071,6.3,1.3,5.6,3.9,6.9,2.97,High,18.4
1072,9.3,3.6,7.2,1.8,2.1,3.3,High,16.8
1073,5.4,2.7,9.1,1.5,5.3,3.04,Low,14.9
1074,9.4,1,7.8,1.1,4.7,3.36,High,16.2
1075,5.5,3.6,9.1,4.4,1.4,2.44,Low,14.9
1076,7.7,0.4,8.8,3.5,3.6,3,Moderate,15.2
1077,5.9,0.8,5.9,0.3,11.1,3.11,High,18.1
1078,5.1,0.2,7.9,4.9,5.9,2.82,Low,16.1
1079,6.6,1.4,8,1.6,6.4,3.23,Moderate,16
1080,8.7,2.7,6,2.1,4.5,3.67,High,18
1081,5.6,0.5,8.4,5.2,4.3,2.86,Low,15.6
1082,5.9,0.4,9.1,3.5,5.1,2.96,Low,14.9
1083,8.1,3.1,8.5,3.6,0.7,3.12,High,15.5
1084,8.2,1.3,9.8,0.2,4.5,3.38,High,14.2
1085,7.9,0.7,8.6,1.1,5.7,3.18,Moderate,15.4
1086,9.6,0.8,5.7,4.6,3.3,3.12,High,18.3
1087,7.5,3.6,5.7,3.9,3.3,3.01,High,18.3
1088,8.4,2.4,8.8,1.4,3,3.17,High,15.2
1089,7.2,1.6,9.9,1.5,3.8,2.89,Moderate,14.1
1090,7.8,1,9.6,1.5,4.1,2.9,Moderate,14.4
1091,9.5,0.4,8.3,5.3,0.5,3.56,High,15.7
1092,8.4,1.2,5.9,1.8,6.7,3.25,High,18.1
1093,5.5,0.6,5.5,2.5,9.9,2.74,High,18.5
1094,5.7,2.6,6,0.6,9.1,2.92,Low,18
1095,5.8,3.7,9.1,1.9,3.5,2.97,Low,14.9
1096,8.4,2.7,8.1,1.3,3.5,3.68,High,15.9
1097,5.2,1.8,9.5,3.4,4.1,2.88,Low,14.5
1098,8.4,3.9,9.9,1.2,0.6,3.08,High,14.1
1099,6.2,3.2,5.5,4.7,4.4,2.89,High,18.5
1100,8.2,1.7,7.2,1.9,5,3.38,High,16.8
1101,8.8,3.7,9.7,0.3,1.5,3.39,High,14.3
1102,6.3,0.3,6.3,5.5,5.6,3.06,Moderate,17.7
1103,8.2,2.9,6.3,4.3,2.3,3.21,High,17.7
1104,8.1,0.6,9.1,1.4,4.8,3.15,High,14.9
1105,8.3,1.6,8,0.6,5.5,3.4,High,16
1106,10,0.8,6.3,4,2.9,3.39,High,17.7
1107,9.8,3.7,7.5,2.4,0.6,3.35,High,16.5
1108,6.4,3.3,6.9,0.5,6.9,2.9,Moderate,17.1
1109,6.7,3.9,8.1,2.2,3.1,2.89,Moderate,15.9
1110,5.4,0.2,5.6,3.5,9.3,2.98,High,18.4
1111,9.6,2,9.2,1.4,1.8,3.64,High,14.8
1112,5.9,1.4,8.2,0.4,8.1,3.07,Low,15.8
1113,6.8,2.1,10,2.4,2.7,2.96,Moderate,14
1114,9,2.4,9.4,1.3,1.9,3.61,High,14.6
1115,8,2.5,7.1,0.9,5.5,3.13,Moderate,16.9
1116,6.1,2.9,6.6,3,5.4,3.01,Moderate,17.4
1117,5.8,3.8,9.3,4.4,0.7,3.16,Low,14.7
1118,5.7,0,5.1,3.5,9.7,2.75,High,18.9
1119,7.3,2.1,5,2.5,7.1,3,High,19
1120,8.7,0.9,9.1,3.1,2.2,3.65,High,14.9
1121,6.1,0.9,8.1,5,3.9,2.61,Moderate,15.9
1122,9.3,2.7,7.2,2.3,2.5,3.29,High,16.8
1123,6,2.5,6.8,6,2.7,2.5,Moderate,17.2
1124,7.8,3.7,9,1.6,1.9,2.6,Moderate,15
1125,8.6,2.3,7.5,1.1,4.5,2.97,High,16.5
1126,9.6,1.3,9.8,1.8,1.5,3.39,High,14.2
1127,8.2,2.2,5.6,2.3,5.7,3.28,High,18.4
1128,7.2,3.1,6.1,1,6.6,2.92,Moderate,17.9
1129,7,3.7,8.6,2,2.7,2.88,Moderate,15.4
1130,9.9,2.7,6.4,2.9,2.1,3.49,High,17.6
1131,5.5,3.9,5.9,3.9,4.8,2.99,High,18.1
1132,8.9,2.7,8.1,3.8,0.5,3.14,High,15.9
1133,5.4,1.3,6.2,5.9,5.2,3.1,Low,17.8
1134,8.4,0.8,6.2,1.7,6.9,3.12,High,17.8
1135,7.1,0.9,5.1,5.3,5.6,3.05,High,18.9
1136,6.7,0,8.4,5,3.9,3.05,Moderate,15.6
1137,5.7,0.6,9,3.7,5,2.88,Low,15
1138,6.5,1.5,8.8,4.9,2.3,2.88,Moderate,15.2
1139,7,3.8,7,4.6,1.6,3.24,Moderate,17
1140,9.5,0.3,9.7,3.7,0.8,3.42,High,14.3
1141,9,0.8,9,4.4,0.8,3.37,High,15
1142,5.2,0.6,7.7,3.5,7,2.77,Low,16.3
1143,8.2,0.1,9.8,0.3,5.6,3.37,High,14.2
1144,8.3,3.3,5.1,3.3,4,3.27,High,18.9
1145,7.3,2,5.4,4.1,5.2,3.41,High,18.6
1146,7.4,0.6,8.2,1,6.8,3.11,Moderate,15.8
1147,9.4,2.5,5.8,5.8,0.5,3.25,High,18.2
1148,8.1,1,9,4.8,1.1,3.22,High,15
1149,9.9,2,7.3,3.6,1.2,3.51,High,16.7
1150,7.7,0.4,7.1,5.1,3.7,2.94,Moderate,16.9
1151,9.3,0.4,5.5,1.6,7.2,3.29,High,18.5
1152,8.1,1.4,8.9,1.3,4.3,3.27,High,15.1
1153,8.2,0.9,8.6,5.2,1.1,3.03,High,15.4
1154,7.1,0.6,8.5,4.6,3.2,3.11,Moderate,15.5
1155,5.5,2,9.1,5.6,1.8,2.95,Low,14.9
1156,7.7,1.6,9.2,2.7,2.8,3.16,Moderate,14.8
1157,7.4,2,9.2,4.5,0.9,2.77,Moderate,14.8
1158,7.5,2.3,6.2,4.8,3.2,2.93,Moderate,17.8
1159,7.4,1.3,5.5,1.4,8.4,3.09,High,18.5
1160,5.8,1.8,6.5,0.2,9.7,2.92,Low,17.5
1161,6.6,2.2,7.8,2.1,5.3,3.09,Moderate,16.2
1162,6.9,1,6.2,2.7,7.2,3.02,Moderate,17.8
1163,8.8,0.8,8.5,0.1,5.8,3.61,High,15.5
1164,6.7,2.3,6,4.5,4.5,2.92,Moderate,18
1165,5.3,3.4,6,5.2,4.1,3.06,Low,18
1166,6.6,3.6,5.6,1.1,7.1,2.82,High,18.4
1167,7.5,0.3,6,5.7,4.5,3.11,Moderate,18
1168,9.6,2.2,6.3,4.1,1.8,3.49,High,17.7
1169,8.3,4,6.3,3.6,1.8,3.36,High,17.7
1170,7.5,1.2,5.8,1.7,7.8,3.25,High,18.2
1171,6.9,3,7.7,0.5,5.9,3.17,Moderate,16.3
1172,8.2,3.2,7.3,1.9,3.4,3.2,High,16.7
1173,5.5,3.5,8.9,1,5.1,2.3,Low,15.1
1174,8.1,3.8,7.9,2.3,1.9,3.72,High,16.1
1175,5.3,0.3,5.9,0.2,12.3,2.97,High,18.1
1176,5.7,3.3,5.8,1.8,7.4,3.04,High,18.2
1177,6.2,1.5,6.3,2.9,7.1,2.97,Moderate,17.7
1178,5.3,0.6,5.3,3.8,9,2.79,High,18.7
1179,5.3,3.3,7.6,3.2,4.6,2.55,Low,16.4
1180,6,1.3,8,1.3,7.4,2.95,Moderate,16
1181,5.6,3.9,5.1,4.8,4.6,2.7,High,18.9
1182,5.7,0.6,8.5,3.9,5.3,3.05,Low,15.5
1183,8.9,3.7,8.5,0.5,2.4,3.46,High,15.5
1184,6,0.3,8.5,2.4,6.8,2.81,Moderate,15.5
1185,9.6,2.6,5.5,5.7,0.6,3.28,High,18.5
1186,7,0.2,7.5,0.7,8.6,2.81,Moderate,16.5
1187,7,1.4,8.9,4.8,1.9,2.97,Moderate,15.1
1188,6.9,0.6,9,4.2,3.3,2.83,Moderate,15
1189,6,1.5,5.5,3.8,7.2,2.8,High,18.5
1190,7.9,3.6,7.8,0.8,3.9,3.45,Moderate,16.2
1191,6.9,3.4,8.2,3.6,1.9,3.37,Moderate,15.8
1192,8.8,2.4,5.8,4.8,2.2,3.38,High,18.2
1193,8.6,0.3,7.3,1,6.8,3.51,High,16.7
1194,8.1,2.7,9.2,0.9,3.1,2.78,High,14.8
1195,5.6,3.4,5.8,5.8,3.4,2.84,High,18.2
1196,9.9,0.4,6.5,3.8,3.4,3.73,High,17.5
1197,6.8,3.7,5.3,3.3,4.9,3.37,High,18.7
1198,6.3,1.5,9.2,1.2,5.8,3.15,Moderate,14.8
1199,9.1,2.3,8.8,2.7,1.1,3.43,High,15.2
1200,9.3,1.7,9.8,1.4,1.8,3.12,High,14.2
1201,5.7,1.6,9.8,1.9,5,2.72,Low,14.2
1202,8.6,1.2,8.9,2.3,3,3.24,High,15.1
1203,7.4,3.1,6.9,2.7,3.9,2.82,Moderate,17.1
1204,7.6,3.2,6.8,3.1,3.3,2.87,Moderate,17.2
1205,8.4,1.1,6.4,5.6,2.5,3.37,High,17.6
1206,8.2,0.1,8.1,3.1,4.5,3.56,High,15.9
1207,7.7,1.4,5.4,1.2,8.3,3.13,High,18.6
1208,7.3,0.2,5.2,4.3,7,3.21,High,18.8
1209,7.7,2,6.2,4.5,3.6,3.07,Moderate,17.8
1210,7.3,1.1,6.2,3.9,5.5,3,Moderate,17.8
1211,8.3,3.3,7.1,0.4,4.9,3.56,High,16.9
1212,5,2.1,5.2,3.4,8.3,2.9,High,18.8
1213,9.6,3.9,7.7,1.3,1.5,3.47,High,16.3
1214,5.3,1.9,6.2,2.8,7.8,2.87,Low,17.8
1215,7.3,2.3,6.8,1,6.6,3.35,Moderate,17.2
1216,8.3,1.4,9.7,4.2,0.4,3.25,High,14.3
1217,6,0.2,8.7,5,4.1,3.04,Moderate,15.3
1218,5.1,1,7.3,3.8,6.8,3.24,Low,16.7
1219,7.8,3,6.4,3.4,3.4,3.14,Moderate,17.6
1220,8.8,2.8,10,0.7,1.7,3.16,High,14
1221,7.5,1.3,7.2,5.1,2.9,3.27,Moderate,16.8
1222,6,3.5,5.3,5.3,3.9,2.97,High,18.7
1223,6.6,1.3,7.6,5.6,2.9,2.96,Moderate,16.4
1224,9.3,1.6,6,2.5,4.6,3.31,High,18
1225,6.9,3.7,8.8,2.3,2.3,3.03,Moderate,15.2
1226,5.3,1,7.2,0.9,9.6,2.85,Low,16.8
1227,9.7,3.1,6.3,2.9,2,3.5,High,17.7
1228,9.4,2.1,8.9,2,1.6,3.43,High,15.1
1229,7.8,0.5,5.6,3.2,6.9,3.36,High,18.4
1230,9.8,1.9,5.3,3.3,3.7,3.93,High,18.7
1231,9.2,4,7.2,1.2,2.4,3.1,High,16.8
1232,5.2,1.4,6.3,4.1,7,3.12,Low,17.7
1233,9.7,1.1,9.1,0.2,3.9,3.3,High,14.9
1234,9.7,3.1,8.3,2.4,0.5,3.47,High,15.7
1235,8.2,3.9,8.6,3.1,0.2,3.02,High,15.4
1236,7.6,0.5,8,2.9,5,3.15,Moderate,16
1237,8.1,0,6,2.9,7,3.19,High,18
1238,7.1,2.9,8,1.8,4.2,3.17,Moderate,16
1239,7.1,0.9,9.8,0.8,5.4,3.01,Moderate,14.2
1240,6.1,3.1,6,0.5,8.3,2.9,Moderate,18
1241,7.4,0,5.4,4.8,6.4,3.14,High,18.6
1242,9.3,2.7,5.3,4.7,2,3.41,High,18.7
1243,9.2,3.2,7.5,1,3.1,3.48,High,16.5
1244,9.9,0.6,6.1,1.3,6.1,3.63,High,17.9
1245,9,0.7,5.3,6,3,3.56,High,18.7
1246,7.8,3.6,9.6,0,3,3.09,Moderate,14.4
1247,5.4,1,8.3,5.3,4,3.27,Low,15.7
1248,5.9,3.2,9.8,1.4,3.7,2.71,Low,14.2
1249,7.5,0.3,7.8,3,5.4,3.09,Moderate,16.2
1250,6.7,2.1,7.9,0.1,7.2,2.78,Moderate,16.1
1251,8.8,2.9,6.8,0.3,5.2,3.17,High,17.2
1252,5.9,2.3,5.8,2.1,7.9,2.66,High,18.2
1253,8.5,2.2,6.9,2.5,3.9,3.25,High,17.1
1254,5.4,3.5,5.4,4.2,5.5,2.81,High,18.6
1255,9.6,1.1,6.9,3.4,3,3.37,High,17.1
1256,8.3,1.6,7.4,0.3,6.4,3.29,High,16.6
1257,6,3.2,7.3,1.8,5.7,3.11,Moderate,16.7
1258,8.7,1.1,5.6,1.5,7.1,3.24,High,18.4
1259,9.6,2.3,7.7,2.6,1.8,3.67,High,16.3
1260,7.6,0.5,5.6,3.2,7.1,3.04,High,18.4
1261,9.7,1.2,9.3,2.9,0.9,3.51,High,14.7
1262,6,1.5,7.5,4.4,4.6,2.8,Moderate,16.5
1263,5.6,1.6,7.4,3.2,6.2,2.75,Low,16.6
1264,9,2.8,7.8,3.1,1.3,3.43,High,16.2
1265,7.1,0.6,8.3,3.1,4.9,2.79,Moderate,15.7
1266,9.5,2.3,5.4,2.7,4.1,3.67,High,18.6
1267,8.8,3.2,7.5,4,0.5,3.2,High,16.5
1268,9.5,3.6,8.4,2.1,0.4,3.11,High,15.6
1269,5.4,3.5,6.6,1.1,7.4,2.72,Low,17.4
1270,6.3,1.3,5.7,1.8,8.9,2.65,High,18.3
1271,7.9,1.8,6.7,4.5,3.1,3.24,Moderate,17.3
1272,6.7,3,5.8,0.8,7.7,3.09,High,18.2
1273,6.7,3.2,6.2,0.4,7.5,2.74,Moderate,17.8
1274,7.8,2.1,8.3,1.4,4.4,3.31,Moderate,15.7
1275,9.3,1.2,8.5,0.1,4.9,3.1,High,15.5
1276,7.7,0.3,9,1.3,5.7,2.9,Moderate,15
1277,8.4,3.2,7.8,3.4,1.2,3.02,High,16.2
1278,9,1.2,7.9,4.4,1.5,3.62,High,16.1
1279,6.9,1.2,7.3,4.9,3.7,3.05,Moderate,16.7
1280,8.3,3.6,5.5,1.4,5.2,3.4,High,18.5
1281,8.5,3.3,9.3,1.2,1.7,3.25,High,14.7
1282,6.2,1.2,8.9,0.5,7.2,2.76,Moderate,15.1
1283,9.1,1.7,8,0.5,4.7,3.23,High,16
1284,9.8,3.2,7.3,0.8,2.9,3.42,High,16.7
1285,9.7,1.4,5.8,3.4,3.7,3.67,High,18.2
1286,7.4,4,8.4,0.3,3.9,3.15,Moderate,15.6
1287,10,1.6,6.4,3.3,2.7,3.39,High,17.6
1288,5,1.8,9.2,3.4,4.6,2.7,Low,14.8
1289,10,1.1,6.4,1,5.5,3.4,High,17.6
1290,9,3.6,9.9,0.3,1.2,3.19,High,14.1
1291,9.4,1.3,5.6,5.2,2.5,3.2,High,18.4
1292,7.1,1.1,8.7,2.7,4.4,3.15,Moderate,15.3
1293,9.9,0.2,6.8,2.9,4.2,3.09,High,17.2
1294,8.6,3.5,9.7,1.8,0.4,3.3,High,14.3
1295,9.3,2.2,9.1,1,2.4,3.07,High,14.9
1296,7.3,1.1,9.8,1.8,4,2.91,Moderate,14.2
1297,5.5,2.1,5.3,0.7,10.4,2.79,High,18.7
1298,7.2,3.2,8.7,2.1,2.8,2.78,Moderate,15.3
1299,6.7,1.3,8.9,0.3,6.8,2.79,Moderate,15.1
1300,6.2,3.7,9.3,3.4,1.4,2.92,Moderate,14.7
1301,7.4,2.1,9.9,4.4,0.2,3.23,Moderate,14.1
1302,6,0.9,8.4,2.4,6.3,2.79,Moderate,15.6
1303,9.7,0.4,7.6,5.5,0.8,3.73,High,16.4
1304,5.8,3.9,9.6,0.8,3.9,2.57,Low,14.4
1305,5.6,0.3,9.5,1.2,7.4,2.57,Low,14.5
1306,8,0.3,6.1,5.6,4,2.76,Moderate,17.9
1307,9.5,3.1,5.1,2,4.3,3.14,High,18.9
1308,9.5,2.5,5.4,5.5,1.1,3.59,High,18.6
1309,9.8,0.3,7.7,1.8,4.4,3.23,High,16.3
1310,7.9,3.8,7.5,0.4,4.4,3.11,Moderate,16.5
1311,8.1,1.4,9.3,2.3,2.9,3.11,High,14.7
1312,8.8,1.1,8.8,1.1,4.2,3.22,High,15.2
1313,6.6,1.9,9.7,5.4,0.4,2.88,Moderate,14.3
1314,5.7,2,7.3,5.4,3.6,2.62,Low,16.7
1315,9.7,1.5,7.5,4.8,0.5,3.3,High,16.5
1316,6.1,0.8,5.2,3.9,8,2.56,High,18.8
1317,6.3,0.2,6.2,4.8,6.5,2.93,Moderate,17.8
1318,7.1,3.9,6,1.3,5.7,3.3,Moderate,18
1319,6.5,0.7,6.9,5.5,4.4,2.71,Moderate,17.1
1320,9.7,0.2,6.1,3.4,4.6,3.81,High,17.9
1321,8.1,0.2,7,3.9,4.8,3.41,High,17
1322,6.6,0.4,7.1,0.8,9.1,3.27,Moderate,16.9
1323,9.7,1.9,6.6,4.4,1.4,3.06,High,17.4
1324,9.1,3.5,8.4,0.1,2.9,3.36,High,15.6
1325,7.8,3.1,5.7,1.4,6,3.14,High,18.3
1326,7.2,0,9.1,2.2,5.5,3.41,Moderate,14.9
1327,7.7,2.7,8.5,4.9,0.2,2.68,Moderate,15.5
1328,9.8,2.6,6.5,0.6,4.5,3.62,High,17.5
1329,9.2,1.4,8.3,2.4,2.7,3.47,High,15.7
1330,5.3,1.7,7.7,2.6,6.7,2.54,Low,16.3
1331,8.7,3.3,8.9,0.1,3,3.34,High,15.1
1332,9.7,3.3,9.2,0.5,1.3,3.18,High,14.8
1333,7.1,1.9,5.8,0.2,9,3.02,High,18.2
1334,9.6,2.3,8.3,3.5,0.3,3.41,High,15.7
1335,6.7,2.5,5.2,1.1,8.5,3.11,High,18.8
1336,6.8,1.5,7.7,0,8,3.15,Moderate,16.3
1337,6.2,0.8,6.3,4.8,5.9,2.76,Moderate,17.7
1338,7.5,3.5,6.2,0.5,6.3,3,Moderate,17.8
1339,6.8,3,7.8,4.9,1.5,2.99,Moderate,16.2
1340,5.2,3.9,6.9,0.9,7.1,3.28,Low,17.1
1341,8.3,1.1,7.9,3.5,3.2,3.49,High,16.1
1342,6.3,1.8,7.7,4,4.2,2.91,Moderate,16.3
1343,8.9,1.6,8.2,0.8,4.5,3.3,High,15.8
1344,8.6,0.1,6,2.9,6.4,3.42,High,18
1345,9.4,2.1,9.6,1.4,1.5,3.2,High,14.4
1346,9,1,9.5,4.1,0.4,3.34,High,14.5
1347,9.7,2.1,8.4,3,0.8,3.51,High,15.6
1348,5.2,2,5.8,1.1,9.9,2.58,High,18.2
1349,6.8,1.7,8.1,0.4,7,2.75,Moderate,15.9
1350,7.9,2.5,7.8,4.3,1.5,3.19,Moderate,16.2
1351,6.7,3.1,7.2,2.9,4.1,3.24,Moderate,16.8
1352,6.5,0.3,5.5,5.5,6.2,3.28,High,18.5
1353,8.4,0.5,6.8,3.6,4.7,3.34,High,17.2
1354,5,0.8,9.8,3.7,4.7,2.69,Low,14.2
1355,6.3,0.3,5.1,1.5,10.8,2.9,High,18.9
1356,8.6,3.7,7,0.9,3.8,3.48,High,17
1357,7.6,3.6,9,0.3,3.5,3.27,Moderate,15
1358,9.5,0.5,7.7,5.3,1,3.78,High,16.3
1359,7.1,1.9,5.4,1.7,7.9,3.14,High,18.6
1360,6.4,1.8,8.4,1,6.4,2.93,Moderate,15.6
1361,7.4,3,9.3,2.7,1.6,2.95,Moderate,14.7
1362,9.7,0.5,8.9,1.3,3.6,3.53,High,15.1
1363,9.7,2.9,8.8,0.6,2,3.87,High,15.2
1364,8.8,0.4,9.8,4.5,0.5,3.12,High,14.2
1365,6.4,3.3,7.6,2.8,3.9,3.11,Moderate,16.4
1366,8.6,1.6,8.1,4,1.7,2.94,High,15.9
1367,8.6,0.2,9.3,2.7,3.2,3.11,High,14.7
1368,7.4,3.5,6.9,4.5,1.7,2.95,Moderate,17.1
1369,5.5,1.9,10,4.6,2,2.83,Low,14
1370,6.2,1.6,8.9,4.6,2.7,2.63,Moderate,15.1
1371,6.1,3.7,8,2.3,3.9,3.41,Moderate,16
1372,7.8,1.9,7.5,1.1,5.7,3.18,Moderate,16.5
1373,9.1,2.2,5.7,4.6,2.4,3.17,High,18.3
1374,7.6,0.5,9.7,1.1,5.1,3.07,Moderate,14.3
1375,6.3,1.6,6.9,4.8,4.4,2.69,Moderate,17.1
1376,6.3,2,5.7,3.7,6.3,2.91,High,18.3
1377,7.8,2.9,9.7,3.3,0.3,3.09,Moderate,14.3
1378,9.5,3.9,9.3,0.1,1.2,3.28,High,14.7
1379,9.7,1.7,5,2.7,4.9,3.47,High,19
1380,6.7,1.9,8.1,5.2,2.1,2.88,Moderate,15.9
1381,8.3,1.7,9.1,4.4,0.5,3.26,High,14.9
1382,6.4,0.2,8.3,5.2,3.9,2.75,Moderate,15.7
1383,5.8,3.2,9.3,5.2,0.5,2.96,Low,14.7
1384,6.6,2.2,5.3,0.3,9.6,2.94,High,18.7
1385,8.6,1.8,6.3,1.1,6.2,3.2,High,17.7
1386,7.4,1.4,6.6,5.8,2.8,2.87,Moderate,17.4
1387,8.2,0.1,7.2,5.3,3.2,3.12,High,16.8
1388,8.8,2.4,7.9,0.3,4.6,3.26,High,16.1
1389,5.7,2.5,6,3,6.8,2.5,Low,18
1390,9.7,3.4,8.6,0.2,2.1,3.53,High,15.4
1391,5.5,2,5.8,5.9,4.8,2.82,High,18.2
1392,6.8,2.6,5.6,2.6,6.4,2.77,High,18.4
1393,6.4,3.6,5.2,5.5,3.3,2.86,High,18.8
1394,8.9,0.1,9.8,2.7,2.5,3.51,High,14.2
1395,6.5,1.5,5.3,5.9,4.8,3,High,18.7
1396,7.2,3.8,6.2,3.2,3.6,3.02,Moderate,17.8
1397,7.4,2.8,5.3,1.2,7.3,3.25,High,18.7
1398,5.9,2.3,6.1,5.2,4.5,2.72,Low,17.9
1399,9.7,2.1,6.8,1.3,4.1,3.55,High,17.2
1400,9.7,1.6,8.5,2.1,2.1,3.87,High,15.5
1401,7.6,1.1,7.3,2.8,5.2,3.2,Moderate,16.7
1402,6.6,0.2,7.5,3.3,6.4,3.02,Moderate,16.5
1403,5.8,3,9.9,5,0.3,2.93,Low,14.1
1404,8.5,1.8,7.7,5.1,0.9,3.23,High,16.3
1405,7.4,1.5,7.5,3.5,4.1,3.33,Moderate,16.5
1406,5.5,2.4,5.6,0.5,10,3.11,High,18.4
1407,7.6,1.6,7.9,0.5,6.4,2.89,Moderate,16.1
1408,9.9,2.2,8.4,1.1,2.4,3.43,High,15.6
1409,5.5,3.9,6.4,2.5,5.7,2.8,Low,17.6
1410,9.1,2.1,6.4,0.4,6,3.37,High,17.6
1411,5.8,3.6,8.4,1.5,4.7,2.91,Low,15.6
1412,7.9,1.6,6.8,1.3,6.4,3.1,Moderate,17.2
1413,8.3,3.9,5.9,3.5,2.4,2.95,High,18.1
1414,6.3,3.3,7.4,3.3,3.7,2.52,Moderate,16.6
1415,6.5,0.7,5.4,4.3,7.1,3.1,High,18.6
1416,7,1.7,7.3,2.2,5.8,2.85,Moderate,16.7
1417,5.5,1.2,8.3,4,5,2.76,Low,15.7
1418,6,0.8,5.1,5.4,6.7,2.54,High,18.9
1419,6.1,0.9,6.4,0.8,9.8,2.79,Moderate,17.6
1420,5.7,2.6,6.7,4.2,4.8,2.9,Low,17.3
1421,7.8,1,8.3,0.7,6.2,2.69,Moderate,15.7
1422,6.3,2.4,9.4,5.9,0,3.22,Moderate,14.6
1423,8,1.6,6.1,1.5,6.8,2.75,Moderate,17.9
1424,9.6,1.5,6.9,2.3,3.7,3.37,High,17.1
1425,9.2,2.6,8.1,1.4,2.7,3.39,High,15.9
1426,7,2,8.3,0.1,6.6,3.27,Moderate,15.7
1427,9.4,1.8,6.7,0.8,5.3,3.37,High,17.3
1428,7,2.7,7.1,5.8,1.4,2.47,Moderate,16.9
1429,8,3.2,5.5,2.4,4.9,3.36,High,18.5
1430,9.3,0.3,5.4,5.1,3.9,3.02,High,18.6
1431,6.1,2.7,7.7,5,2.5,3.04,Moderate,16.3
1432,7.1,1.3,8,5.6,2,3.08,Moderate,16
1433,9.2,4,5.1,0.6,5.1,3.62,High,18.9
1434,6.4,1,8.9,0.3,7.4,3.04,Moderate,15.1
1435,6.8,2,7.8,4.4,3,3.27,Moderate,16.2
1436,7.9,2.2,8.2,1.5,4.2,2.87,Moderate,15.8
1437,5.4,0.5,6.1,3,9,2.91,Low,17.9
1438,8.9,1.4,7,2.4,4.3,3.5,High,17
1439,6,0.2,8,5.9,3.9,2.76,Moderate,16
1440,9.1,2.8,9.7,1,1.4,3.53,High,14.3
1441,8.3,1.9,8.2,2.5,3.1,3.25,High,15.8
1442,7.6,3.2,8.7,3,1.5,2.86,Moderate,15.3
1443,5.6,2.9,7.5,5.4,2.6,2.98,Low,16.5
1444,5.7,3,5,1,9.3,2.42,High,19
1445,7.9,2.9,9.6,2.5,1.1,2.99,Moderate,14.4
1446,5,0.5,7.7,4.1,6.7,3.07,Low,16.3
1447,7.1,2.9,7.6,0.4,6,3.15,Moderate,16.4
1448,8.6,3.6,5.6,5.9,0.3,3.21,High,18.4
1449,6,0,10,1.7,6.3,2.7,Moderate,14
1450,7.9,3.6,6.6,4,1.9,3.29,Moderate,17.4
1451,5.9,2.5,6.7,1.3,7.6,2.7,Low,17.3
1452,9.5,1.6,6.2,2.7,4,3.32,High,17.8
1453,6.6,3,9.9,2,2.5,3.03,Moderate,14.1
1454,5.8,2.8,7.6,3.9,3.9,3.09,Low,16.4
1455,9.4,1.8,9.5,2.5,0.8,3.91,High,14.5
1456,6.6,3.9,8.3,0.2,5,2.93,Moderate,15.7
1457,6.6,2.5,5.3,0.1,9.5,2.6,High,18.7
1458,7.2,1.1,5.8,4.1,5.8,2.96,High,18.2
1459,7.6,0.8,6.6,3.6,5.4,3.3,Moderate,17.4
1460,8.6,2.7,7.4,3.4,1.9,3.45,High,16.6
1461,5.2,2.5,8.9,3,4.4,2.51,Low,15.1
1462,8.2,2.8,9.4,1.2,2.4,3.06,High,14.6
1463,8.8,2.2,9.4,1.9,1.7,3.85,High,14.6
1464,8.7,3.9,5.4,0.3,5.7,3.42,High,18.6
1465,9.7,2.1,8.1,2,2.1,3.49,High,15.9
1466,8.7,1.2,6.5,5,2.6,3.25,High,17.5
1467,5.4,3.5,6.3,3.6,5.2,2.85,Low,17.7
1468,7.1,2.8,6.7,1.7,5.7,3.16,Moderate,17.3
1469,10,3,8.2,1,1.8,3.81,High,15.8
1470,7.7,3.4,5.2,2.2,5.5,3.22,High,18.8
1471,6.2,1.8,5.4,5.7,4.9,2.98,High,18.6
1472,7.8,3.7,5,4.5,3,3.16,High,19
1473,9.5,0.6,5.5,2.5,5.9,3.44,High,18.5
1474,7.6,0.6,5,4.9,5.9,3.29,High,19
1475,5.4,2.5,9.6,1.3,5.2,2.69,Low,14.4
1476,8,0.7,8.7,1.8,4.8,3.25,Moderate,15.3
1477,7.3,2.4,5.9,4.4,4,3.3,High,18.1
1478,5.8,2.8,5.6,2.6,7.2,2.62,High,18.4
1479,6.2,3,6.3,5.3,3.2,2.91,Moderate,17.7
1480,8.1,0.4,7,4.3,4.2,3.24,High,17
1481,8.3,2.5,6.4,2.3,4.5,3.31,High,17.6
1482,7.5,2.8,6.2,1.9,5.6,3.02,Moderate,17.8
1483,6.7,0.1,6.7,4.8,5.7,3.01,Moderate,17.3
1484,7.3,0.1,9.4,0.1,7.1,3.29,Moderate,14.6
1485,9.7,2,6.7,5.2,0.4,3.47,High,17.3
1486,7.7,0.9,7.1,3.9,4.4,3.08,Moderate,16.9
1487,8.6,0,9.7,0.9,4.8,3.14,High,14.3
1488,5.2,0.5,9.9,1.9,6.5,2.61,Low,14.1
1489,5.6,0.4,8.6,5.1,4.3,2.81,Low,15.4
1490,6.1,2.1,6.3,5.6,3.9,2.73,Moderate,17.7
1491,9.5,2.3,6.8,2.1,3.3,3.74,High,17.2
1492,7.3,3.4,9.7,1.2,2.4,2.97,Moderate,14.3
1493,7.8,0.4,6,2.5,7.3,3.24,Moderate,18
1494,5.8,1.8,8,4.2,4.2,2.82,Low,16
1495,6.9,3.5,7.8,2.5,3.3,3.02,Moderate,16.2
1496,9.1,2.5,9.2,1.6,1.6,3.22,High,14.8
1497,5.6,0.1,6.5,4.2,7.6,2.71,Low,17.5
1498,7.5,1.7,7.1,1.4,6.3,3.32,Moderate,16.9
1499,5.7,0.8,5.3,1.2,11,2.74,High,18.7
1500,6.8,0,9.2,0.2,7.8,2.8,Moderate,14.8
1501,9.7,3.6,7.7,1.6,1.4,3.22,High,16.3
1502,8.2,0.2,5.3,2.7,7.6,3.55,High,18.7
1503,7.7,3.6,5.5,4.9,2.3,3.06,High,18.5
1504,6.6,1.6,5.8,3,7,2.73,High,18.2
1505,9,1.8,7.5,4.8,0.9,3.33,High,16.5
1506,6.3,3.5,7.9,1.3,5,3.32,Moderate,16.1
1507,6.3,3.2,5.2,6,3.3,3,High,18.8
1508,7,2,9.4,2.3,3.3,2.98,Moderate,14.6
1509,7.7,0.2,5,1.5,9.6,3,High,19
1510,5.6,1.6,8.2,4.3,4.3,2.91,Low,15.8
1511,5.9,0.3,9.7,1.6,6.5,2.76,Low,14.3
1512,9.1,3.1,8,1.3,2.5,3.46,High,16
1513,6.3,0.5,7.5,3.5,6.2,2.87,Moderate,16.5
1514,6.8,2.6,9.5,0.8,4.3,2.58,Moderate,14.5
1515,6.9,0.6,8.1,4.4,4,3,Moderate,15.9
1516,9.8,0.3,8,0.3,5.6,3.53,High,16
1517,9.5,2.1,8.3,3.4,0.7,3.35,High,15.7
1518,5.6,1.9,8,0.2,8.3,2.99,Low,16
1519,6.4,0.1,7.1,5.4,5,2.72,Moderate,16.9
1520,9.6,3,8.7,1.9,0.8,3.45,High,15.3
1521,6,0.8,8.4,1.3,7.5,3.19,Moderate,15.6
1522,8.9,1.8,9,3.6,0.7,3.27,High,15
1523,8.3,0.9,6.4,1.9,6.5,3.18,High,17.6
1524,6,1.8,9.5,0.6,6.1,2.78,Moderate,14.5
1525,8.6,2.7,5.5,5.5,1.7,2.9,High,18.5
1526,8.8,1,8.5,0.2,5.5,3.52,High,15.5
1527,9.2,1.8,8.2,1.1,3.7,3.6,High,15.8
1528,7.4,2.5,7.3,5.4,1.4,3.25,Moderate,16.7
1529,7.5,3.4,9,1.7,2.4,3.03,Moderate,15
1530,9.1,0.9,7.6,4.8,1.6,3.08,High,16.4
1531,6.8,2.6,6.2,0.7,7.7,3,Moderate,17.8
1532,6.4,3.4,6.7,5.8,1.7,2.98,Moderate,17.3
1533,9.9,1.1,5.2,4.2,3.6,3.3,High,18.8
1534,8.5,0.1,9.4,0.8,5.2,3.25,High,14.6
1535,5.6,0.7,9.8,4.2,3.7,2.75,Low,14.2
1536,6.7,0.9,7.4,3.3,5.7,3.26,Moderate,16.6
1537,8.2,1,9.7,0.9,4.2,2.81,High,14.3
1538,7.2,2.3,7.2,2.5,4.8,3.03,Moderate,16.8
1539,8.7,2.7,9.2,0.8,2.6,3.58,High,14.8
1540,6.8,1.9,6.6,0.9,7.8,3.38,Moderate,17.4
1541,6.1,0.4,8.4,4,5.1,2.88,Moderate,15.6
1542,7.9,3.9,7.7,4.1,0.4,3.4,Moderate,16.3
1543,5.4,0.8,7.2,3.5,7.1,2.71,Low,16.8
1544,9,2.4,6,3,3.6,3.32,High,18
1545,8.7,3.1,7.5,1.4,3.3,2.99,High,16.5
1546,8.7,1,5.9,3.2,5.2,3.17,High,18.1
1547,6.4,2.5,5.6,3.9,5.6,2.89,High,18.4
1548,8.9,2.4,9.9,1,1.8,3.44,High,14.1
1549,8.4,0.3,7,5.8,2.5,2.9,High,17
1550,5.6,2.8,8.2,2.2,5.2,2.91,Low,15.8
1551,9.8,0.1,6.5,5.5,2.1,3.24,High,17.5
1552,7.7,3.3,5.5,5.7,1.8,2.99,High,18.5
1553,9,0.7,8.6,2.2,3.5,3.62,High,15.4
1554,9.8,0.5,7.1,2.9,3.7,3.38,High,16.9
1555,6.9,1.5,5.3,4.1,6.2,2.77,High,18.7
1556,9.1,3.2,7.4,1.3,3,3.31,High,16.6
1557,8.2,1.2,6.2,4.4,4,3.08,High,17.8
1558,6.2,3.7,7.6,2.2,4.3,2.84,Moderate,16.4
1559,9.4,1.6,6.7,1.2,5.1,3.11,High,17.3
1560,8.4,1.2,7.9,0.4,6.1,3.06,High,16.1
1561,6,1.6,9.7,2.3,4.4,2.66,Moderate,14.3
1562,5.6,0.2,6.5,0.9,10.8,3,Low,17.5
1563,5.9,3,5.1,3.3,6.7,2.91,High,18.9
1564,7.8,1.3,6.5,4.4,4,2.69,Moderate,17.5
1565,9.4,0.8,5.5,5.4,2.9,3.55,High,18.5
1566,6.8,0.5,7.9,3.2,5.6,2.61,Moderate,16.1
1567,6,1.8,9,3.5,3.7,2.92,Moderate,15
1568,8.5,3.2,8.1,0.6,3.6,3.09,High,15.9
1569,8.6,2.7,5.1,2.5,5.1,3.54,High,18.9
1570,6.1,2.4,9.6,4.7,1.2,2.67,Moderate,14.4
1571,9.6,3.9,5.1,3.4,2,3.65,High,18.9
1572,6.3,3.9,8.1,4.5,1.2,2.89,Moderate,15.9
1573,5.4,0.7,8.8,0.1,9,2.57,Low,15.2
1574,8.1,2.8,6.7,0.6,5.8,3.5,High,17.3
1575,5.3,2.4,7.6,4.5,4.2,2.25,Low,16.4
1576,7,0.1,6.7,5.9,4.3,3.12,Moderate,17.3
1577,9.4,1.3,7.9,4.6,0.8,3.34,High,16.1
1578,5.4,2,9.8,4.2,2.6,2.8,Low,14.2
1579,5.4,0.8,8.9,5,3.9,3.12,Low,15.1
1580,5.1,3.3,8.9,1.6,5.1,3.02,Low,15.1
1581,8.5,0.9,5.2,1.2,8.2,3.17,High,18.8
1582,7.1,2,7.4,1.6,5.9,2.86,Moderate,16.6
1583,5.1,2.4,7,1.8,7.7,2.84,Low,17
1584,9.3,2,5.7,4.2,2.8,3.51,High,18.3
1585,6,1.8,5.3,5,5.9,2.88,High,18.7
1586,8.7,2.5,9,1.6,2.2,3.53,High,15
1587,8.9,1.8,9.7,1.8,1.8,3.63,High,14.3
1588,9.1,2.2,5.9,2.8,4,3.33,High,18.1
1589,9.8,3,9.1,0.1,2,3.9,High,14.9
1590,9.2,0.2,9.3,2.9,2.4,3.29,High,14.7
1591,6,1.3,6.4,3.2,7.1,2.84,Moderate,17.6
1592,6.2,1.8,7.6,4.6,3.8,2.98,Moderate,16.4
1593,7.2,3.2,8.1,0.6,4.9,3.04,Moderate,15.9
1594,7,3,7.9,2.3,3.8,2.81,Moderate,16.1
1595,5.9,0.9,7.9,2.5,6.8,2.63,Low,16.1
1596,8.3,3.4,6.3,2.9,3.1,3.26,High,17.7
1597,9.9,1.3,8,0.4,4.4,3.33,High,16
1598,9.8,2.9,8.9,1.7,0.7,3.51,High,15.1
1599,7.9,1.8,9.3,4.8,0.2,3.34,Moderate,14.7
1600,7.9,2.2,7.3,1.3,5.3,3.18,Moderate,16.7
1601,5,1,7.5,2.3,8.2,2.82,Low,16.5
1602,6.8,1.8,5.7,0.3,9.4,3.01,High,18.3
1603,8.9,2.3,8.8,0.6,3.4,3.02,High,15.2
1604,6.1,0,5.7,1.9,10.3,3.01,High,18.3
1605,5.6,3.9,6.5,0.8,7.2,2.92,Low,17.5
1606,5.3,3.4,9.8,1.4,4.1,2.53,Low,14.2
1607,7.3,0.1,8.2,2.5,5.9,2.92,Moderate,15.8
1608,8.3,1.7,5.9,4.1,4,3.11,High,18.1
1609,7.8,3.4,5.6,4.7,2.5,3.02,High,18.4
1610,8.5,1.8,9.7,0.6,3.4,3.34,High,14.3
1611,8.2,1.5,9.8,1.5,3,3.4,High,14.2
1612,10,1,7.2,3,2.8,3.37,High,16.8
1613,6.5,0.1,6.1,1.7,9.6,2.72,Moderate,17.9
1614,9.4,2.8,5.4,3.9,2.5,3.37,High,18.6
1615,8.3,3.8,5,1.5,5.4,3.43,High,19
1616,5.5,2.1,6.2,1.1,9.1,2.98,Low,17.8
1617,9.1,0.5,7.3,5.6,1.5,3.37,High,16.7
1618,5.9,1.3,7.1,1.9,7.8,2.91,Low,16.9
1619,6.4,3.9,5.8,4.4,3.5,2.91,High,18.2
1620,5.9,2.6,8.6,4.1,2.8,2.98,Low,15.4
1621,6.6,1,9.8,5.5,1.1,3.23,Moderate,14.2
1622,7.3,1.7,5.8,2.6,6.6,3.07,High,18.2
1623,7.7,0.1,7.2,4.7,4.3,3.37,Moderate,16.8
1624,9.5,0.1,7.8,4.7,1.9,3.71,High,16.2
1625,7.7,1.3,5.7,5.3,4,3.36,High,18.3
1626,7.9,2.7,9,2.9,1.5,3.17,Moderate,15
1627,7,2.1,9,2.2,3.7,2.89,Moderate,15
1628,9.6,0.4,8.2,2.4,3.4,3.4,High,15.8
1629,7,2.7,5.3,3.6,5.4,3.17,High,18.7
1630,5.9,3.6,8.3,5.3,0.9,2.99,Low,15.7
1631,7.4,2.2,9.6,4.3,0.5,2.77,Moderate,14.4
1632,7,1.6,6.4,1.6,7.4,2.97,Moderate,17.6
1633,9.3,0.3,8.4,1,5,3.29,High,15.6
1634,6.3,3.1,9.4,1.2,4,2.91,Moderate,14.6
1635,7.3,1.9,9.4,4.1,1.3,3.51,Moderate,14.6
1636,9.2,0,7,5.4,2.4,3.41,High,17
1637,8.7,2.2,7.6,1.9,3.6,3.73,High,16.4
1638,7.1,2.9,9.3,0.7,4,3.12,Moderate,14.7
1639,7.3,1.6,8.4,1.5,5.2,3.27,Moderate,15.6
1640,7.1,3.6,10,0.4,2.9,3.13,Moderate,14
1641,6.2,3.8,9.8,0.4,3.8,3.17,Moderate,14.2
1642,5.1,2.4,6.4,5.2,4.9,2.77,Low,17.6
1643,6.4,2.7,8.4,1.3,5.2,2.94,Moderate,15.6
1644,6.4,3.2,9,2.5,2.9,2.87,Moderate,15
1645,8,2.4,9.1,1.9,2.6,3.01,Moderate,14.9
1646,7.7,1.8,7.2,0.5,6.8,2.97,Moderate,16.8
1647,8.6,0.9,6,2.5,6,3.38,High,18
1648,6.9,1.8,7.7,1.2,6.4,2.75,Moderate,16.3
1649,5.8,3.5,7.2,2.5,5,2.87,Low,16.8
1650,7.8,2.2,8.5,1,4.5,3.06,Moderate,15.5
1651,6.3,3.2,9.7,0.7,4.1,2.65,Moderate,14.3
1652,5.3,1.3,5.7,4.3,7.4,2.79,High,18.3
1653,7.7,0.6,5,4.8,5.9,3.23,High,19
1654,6.7,2.3,6.6,0.5,7.9,2.77,Moderate,17.4
1655,6.1,0.8,7.1,3.9,6.1,3.4,Moderate,16.9
1656,9.8,2.4,7.4,2.5,1.9,3.56,High,16.6
1657,9.6,3.3,6.6,1.1,3.4,3.45,High,17.4
1658,8.7,2,5.3,4.3,3.7,2.96,High,18.7
1659,9,1.2,8.3,2.3,3.2,3.74,High,15.7
1660,9.4,2,6.6,4.5,1.5,3.46,High,17.4
1661,6.1,1.6,9.3,4.3,2.7,2.65,Moderate,14.7
1662,6.8,1.1,5.9,4.5,5.7,2.93,High,18.1
1663,6.3,1.8,6.9,5.9,3.1,2.8,Moderate,17.1
1664,5.4,2.4,8,2.5,5.7,2.77,Low,16
1665,7.2,0.2,7.6,3,6,2.83,Moderate,16.4
1666,6.3,0.7,9.8,5.1,2.1,3.03,Moderate,14.2
1667,6.2,1.3,6,3,7.5,3.12,Moderate,18
1668,5.8,3.2,9,0.8,5.2,2.88,Low,15
1669,7,0.7,6.3,1.6,8.4,2.63,Moderate,17.7
1670,9.7,0.5,9.9,0.9,3,3.72,High,14.1
1671,8.9,1.4,5.7,5.1,2.9,3.55,High,18.3
1672,7.8,1.9,7.5,4.4,2.4,2.91,Moderate,16.5
1673,5.4,2.7,9.5,0.3,6.1,2.9,Low,14.5
1674,7.2,1.6,5.7,3,6.5,2.94,High,18.3
1675,5.6,1.9,8.8,1.5,6.2,2.89,Low,15.2
1676,8.4,3.4,7.1,3.9,1.2,3.26,High,16.9
1677,5.2,0.5,6,2.4,9.9,2.69,Low,18
1678,8.3,2.8,7.9,1.8,3.2,3.44,High,16.1
1679,7.9,1.4,5.4,6,3.3,3.11,High,18.6
1680,8.3,1.3,7,1.6,5.8,3.39,High,17
1681,6.7,1.6,8.6,3.1,4,3.54,Moderate,15.4
1682,9.6,0.2,7.9,5.1,1.2,3.46,High,16.1
1683,6.2,3.5,5.1,4.4,4.8,2.97,High,18.9
1684,7.2,0.2,9.6,2.8,4.2,3.19,Moderate,14.4
1685,5.1,2.8,7.4,0.7,8,3.15,Low,16.6
1686,7.5,3.3,9.3,2.4,1.5,3.36,Moderate,14.7
1687,5.1,2.8,7.1,3.4,5.6,2.5,Low,16.9
1688,9.6,0.5,8.4,0,5.5,3.7,High,15.6
1689,9.6,0.5,5.5,2,6.4,3.19,High,18.5
1690,7.9,1.8,5.2,1.9,7.2,3.07,High,18.8
1691,9.1,2.8,8.6,2.4,1.1,3.24,High,15.4
1692,6.4,3.3,9.9,2.2,2.2,2.9,Moderate,14.1
1693,5,0.6,6.6,3.5,8.3,2.89,Low,17.4
1694,8.9,3,8,2.6,1.5,3.29,High,16
1695,8.2,2.5,7.8,5.4,0.1,3.4,High,16.2
1696,9.4,0.9,5.4,2.9,5.4,3.56,High,18.6
1697,7.6,3.3,7.2,3.4,2.5,3.03,Moderate,16.8
1698,8.1,3.3,5.8,3.6,3.2,3.22,High,18.2
1699,8,0.7,5.6,5.9,3.8,2.93,High,18.4
1700,5.9,2.7,8,3.9,3.5,2.78,Low,16
1701,5.4,3.6,6.9,1.9,6.2,2.35,Low,17.1
1702,9.3,3.7,6.5,3.9,0.6,3.24,High,17.5
1703,8.9,3.7,6.2,3,2.2,3.49,High,17.8
1704,5,2.3,6.7,1.9,8.1,2.64,Low,17.3
1705,8.2,3.4,8,3.8,0.6,3.26,High,16
1706,7.3,0,7.8,4,4.9,2.75,Moderate,16.2
1707,8,2.9,7.9,0.3,4.9,3.25,Moderate,16.1
1708,6.4,0.3,7.1,3.3,6.9,2.77,Moderate,16.9
1709,6.6,2.9,8.2,2,4.3,3.14,Moderate,15.8
1710,8.2,2.2,5.1,4.2,4.3,3.48,High,18.9
1711,6.9,3.8,9.1,2.5,1.7,2.88,Moderate,14.9
1712,6.7,1.9,6.5,3.1,5.8,2.87,Moderate,17.5
1713,5.8,3.9,5.5,5.6,3.2,2.88,High,18.5
1714,8.6,1.7,8.2,1.9,3.6,3.46,High,15.8
1715,6.5,2.3,7.5,3.5,4.2,2.8,Moderate,16.5
1716,5.4,0.2,6.3,0.4,11.7,2.53,Low,17.7
1717,5.5,3.3,5.2,4,6,2.95,High,18.8
1718,7.4,1.2,7.6,2.3,5.5,3.03,Moderate,16.4
1719,7.8,0.5,10,2.4,3.3,3.43,Moderate,14
1720,6.8,3.3,7.3,4.3,2.3,2.83,Moderate,16.7
1721,5.5,3.4,8.7,1.3,5.1,2.74,Low,15.3
1722,9.9,1,7.3,0.2,5.6,3.32,High,16.7
1723,7,2.3,9.8,2.5,2.4,3.09,Moderate,14.2
1724,5.2,1.3,7.9,5.7,3.9,3.04,Low,16.1
1725,9.3,0.9,6.1,1.2,6.5,3.29,High,17.9
1726,7.5,1.9,6.3,3,5.3,3.4,Moderate,17.7
1727,5.2,0.5,9.4,4.5,4.4,2.9,Low,14.6
1728,6.8,3,8.9,4,1.3,2.49,Moderate,15.1
1729,8.6,0.8,6.7,2.8,5.1,3.52,High,17.3
1730,6.6,0.6,7,5.9,3.9,2.83,Moderate,17
1731,6.1,2.4,7.2,0.4,7.9,3.29,Moderate,16.8
1732,7.6,3.5,6.4,0.5,6,3.12,Moderate,17.6
1733,9.7,1.5,7.9,3.9,1,3.69,High,16.1
1734,5.7,1.2,5.7,4.9,6.5,2.66,High,18.3
1735,6.1,2.9,9.7,2.8,2.5,2.5,Moderate,14.3
1736,6.6,1.9,8,5.9,1.6,3.41,Moderate,16
1737,9.7,3.4,9.4,0.7,0.8,3.6,High,14.6
1738,7,3.8,7.1,3.6,2.5,3.11,Moderate,16.9
1739,8.5,3.8,6.2,4.1,1.4,2.93,High,17.8
1740,8.9,2.2,8.3,1.5,3.1,3.37,High,15.7
1741,7.4,2.5,7,1.2,5.9,3.11,Moderate,17
1742,8.7,1.6,6.8,2.4,4.5,3.42,High,17.2
1743,7,2.2,7.7,3,4.1,3.05,Moderate,16.3
1744,5.8,0.5,9.7,3.6,4.4,2.65,Low,14.3
1745,8.3,1.6,9.5,2.9,1.7,3.12,High,14.5
1746,9.8,3.3,9.3,0.3,1.3,3.73,High,14.7
1747,6.4,1.1,6.4,5.1,5,2.79,Moderate,17.6
1748,6.2,3.2,7.8,0,6.8,2.8,Moderate,16.2
1749,7.1,1.6,5.6,4.1,5.6,3.28,High,18.4
1750,8.6,0,9.8,4.6,1,3.48,High,14.2
1751,9.5,0.1,9.7,3.8,0.9,3.57,High,14.3
1752,9.7,1.8,8,2.1,2.4,3.82,High,16
1753,9.7,0.3,7.5,4.1,2.4,3.53,High,16.5
1754,9.5,3.8,5.3,2.2,3.2,3.7,High,18.7
1755,5.1,1.3,7.7,5.5,4.4,2.8,Low,16.3
1756,7.7,1.1,9.5,5.3,0.4,2.99,Moderate,14.5
1757,7,3.6,6.9,4.4,2.1,2.84,Moderate,17.1
1758,9.6,1.8,8.7,1.4,2.5,3.43,High,15.3
1759,5.1,0.4,7.5,4.1,6.9,3.01,Low,16.5
1760,8.5,2.8,7.5,4.8,0.4,3.06,High,16.5
1761,7.4,1.8,6,1.8,7,3.13,Moderate,18
1762,6.2,1.2,8.9,2,5.7,2.85,Moderate,15.1
1763,6.2,0.7,8.9,0.8,7.4,3.02,Moderate,15.1
1764,8.4,2.5,9.1,0.2,3.8,2.65,High,14.9
1765,6.5,1.1,5.7,1.7,9,3.02,High,18.3
1766,8.3,1.5,8.6,1.9,3.7,2.86,High,15.4
1767,6.5,2.2,5.1,0.5,9.7,3.1,High,18.9
1768,8.6,0.4,9.2,4.2,1.6,3.27,High,14.8
1769,8.1,3.3,7,1.2,4.4,3.8,High,17
1770,7.7,2.3,9.7,3.9,0.4,3.3,Moderate,14.3
1771,9.4,3.2,9.7,0.2,1.5,3.4,High,14.3
1772,9.2,2,8.7,0.6,3.5,3.03,High,15.3
1773,6.3,2.9,5.8,2.1,6.9,2.78,High,18.2
1774,8.5,1.5,7.8,0.6,5.6,3.02,High,16.2
1775,9,1.5,8.2,3.8,1.5,3.41,High,15.8
1776,8.1,1.7,5.9,5.7,2.6,3.17,High,18.1
1777,8.8,0.8,6.7,4.9,2.8,3.53,High,17.3
1778,7.2,2.9,6.9,1.3,5.7,3.23,Moderate,17.1
1779,8.2,3.9,6.6,2.4,2.9,3.32,High,17.4
1780,9.2,3,5.3,6,0.5,3.77,High,18.7
1781,8.8,3.5,8.3,2.9,0.5,3.26,High,15.7
1782,9.4,0.8,5.4,4.7,3.7,3.25,High,18.6
1783,9.2,0.7,9.3,3.3,1.5,3.64,High,14.7
1784,7.1,0.8,6.4,3,6.7,3.08,Moderate,17.6
1785,7.7,3.2,9,2.4,1.7,3.03,Moderate,15
1786,5.3,3.5,5.4,1.5,8.3,2.91,High,18.6
1787,8.5,1.6,9.4,1.3,3.2,2.9,High,14.6
1788,7.7,3.5,9.6,0.9,2.3,3.39,Moderate,14.4
1789,7.3,2.2,9.7,4.8,0,3.25,Moderate,14.3
1790,6.9,0,5,2.8,9.3,2.85,High,19
1791,7.4,0.1,8.4,1.8,6.3,2.75,Moderate,15.6
1792,5.8,1.6,6.2,3.2,7.2,2.98,Low,17.8
1793,6,2,5.8,4,6.2,2.81,High,18.2
1794,7.3,0.3,8,1.6,6.8,3.15,Moderate,16
1795,7.6,2.1,9.6,2.6,2.1,2.78,Moderate,14.4
1796,9.7,3.1,6.4,4.1,0.7,3.76,High,17.6
1797,7.2,3.3,9.1,0.8,3.6,2.87,Moderate,14.9
1798,6.5,1.2,8.6,1.4,6.3,3.18,Moderate,15.4
1799,5,2.9,5.9,0.6,9.6,2.63,High,18.1
1800,7.4,0.2,9.9,4.3,2.2,2.84,Moderate,14.1
1801,6.6,1.3,7.2,3.8,5.1,2.93,Moderate,16.8
1802,9.3,1,6.9,5.2,1.6,3.32,High,17.1
1803,8.3,1.4,8.4,0.1,5.8,3.23,High,15.6
1804,9.1,3.8,9.6,1.4,0.1,3.71,High,14.4
1805,7.6,1.4,7.3,4.1,3.6,3.09,Moderate,16.7
1806,9.6,3.3,9.9,1.1,0.1,3.5,High,14.1
1807,6.4,0.4,5.6,1.7,9.9,3.21,High,18.4
1808,9.5,2.5,5,1.1,5.9,3.52,High,19
1809,5.5,1.5,7.5,0.3,9.2,2.61,Low,16.5
1810,8.2,1.9,7.5,2.6,3.8,3.13,High,16.5
1811,9.8,0.9,7.6,4.2,1.5,3.62,High,16.4
1812,6.9,1.9,5.4,3.7,6.1,3.05,High,18.6
1813,6.4,0.6,7.7,3.2,6.1,3,Moderate,16.3
1814,8.1,0.8,7.3,4.3,3.5,3.12,High,16.7
1815,7.6,1.6,6.6,3.7,4.5,3.18,Moderate,17.4
1816,5.4,1.8,9.5,0.6,6.7,2.9,Low,14.5
1817,9.9,3.8,5.4,4.6,0.3,3.69,High,18.6
1818,7.1,1.8,8.2,4.6,2.3,2.98,Moderate,15.8
1819,5.2,2.4,5.9,2.1,8.4,2.69,High,18.1
1820,6.7,0.4,5.7,0.2,11,2.58,High,18.3
1821,7.4,3.8,5.6,5.7,1.5,3.27,High,18.4
1822,8.2,3.3,5.5,3,4,3.5,High,18.5
1823,8.5,2.3,9.2,0.3,3.7,3.34,High,14.8
1824,6.9,1.4,8.1,5.3,2.3,3.42,Moderate,15.9
1825,7.5,3.3,7,0.6,5.6,2.82,Moderate,17
1826,8.6,3,5.3,1.3,5.8,3.06,High,18.7
1827,6.4,2.2,5.7,0.8,8.9,2.89,High,18.3
1828,6.8,3.2,7.6,0.8,5.6,2.78,Moderate,16.4
1829,8.7,1.6,6.3,2.3,5.1,2.87,High,17.7
1830,6.2,1.6,5.1,4.6,6.5,2.92,High,18.9
1831,5.9,0.2,8.3,4.6,5,2.88,Low,15.7
1832,6,2.9,8.5,1.5,5.1,3.17,Moderate,15.5
1833,9.5,0.4,9.9,3.6,0.6,3.5,High,14.1
1834,8.6,0.8,7.2,0.4,7,3.32,High,16.8
1835,6.9,3,6.9,2,5.2,3.23,Moderate,17.1
1836,5.2,1.5,5.8,4.2,7.3,2.83,High,18.2
1837,5.5,2.7,6.4,1.2,8.2,2.75,Low,17.6
1838,7.4,2,6.6,0.8,7.2,3.1,Moderate,17.4
1839,6.9,2.7,8.9,2.9,2.6,2.77,Moderate,15.1
1840,6.4,0.6,6.2,1.3,9.5,3.04,Moderate,17.8
1841,7.6,2.3,9.7,0.9,3.5,3.36,Moderate,14.3
1842,7.8,1,6.3,0.2,8.7,3.27,Moderate,17.7
1843,6.5,3,5.2,1.3,8,3.17,High,18.8
1844,7.3,2.8,6.9,1,6,3.24,Moderate,17.1
1845,7,2.3,9.7,0.3,4.7,2.64,Moderate,14.3
1846,7.5,0.1,6.6,4.9,4.9,3.14,Moderate,17.4
1847,7.8,1.8,6.4,1.8,6.2,3.39,Moderate,17.6
1848,9.8,1.8,7,4.6,0.8,3.39,High,17
1849,7.1,2.2,6.2,4.5,4,3.34,Moderate,17.8
1850,8.9,0.9,8.6,4.5,1.1,3.36,High,15.4
1851,6.7,0.7,5,2.7,8.9,3.15,High,19
1852,5.9,3.4,6.3,1.4,7,2.48,Low,17.7
1853,7.4,2,6.1,1.6,6.9,3.22,Moderate,17.9
1854,8.9,1.8,8.6,3.5,1.2,3.17,High,15.4
1855,5.7,3.9,9.1,1.1,4.2,2.81,Low,14.9
1856,5.7,3,7.3,4.7,3.3,2.82,Low,16.7
1857,8.7,2.4,8.4,0.1,4.4,3.51,High,15.6
1858,5,0.1,9.3,4.1,5.5,2.47,Low,14.7
1859,6.3,2.8,9,1.8,4.1,2.79,Moderate,15
1860,7.5,3.1,6.1,1.6,5.7,3.07,Moderate,17.9
1861,6.2,4,6,3.5,4.3,2.88,Moderate,18
1862,8.2,3,9.9,0.5,2.4,3.3,High,14.1
1863,8.8,1.4,5.9,2.5,5.4,3.29,High,18.1
1864,7.7,4,7,3.3,2,3.44,Moderate,17
1865,6.8,1.6,8.5,5.6,1.5,3.33,Moderate,15.5
1866,5.4,0.8,7.5,0.1,10.2,2.86,Low,16.5
1867,6.3,2.1,5.1,1.6,8.9,3.49,High,18.9
1868,9.6,2.6,7.1,4.4,0.3,3.54,High,16.9
1869,8.9,0.8,5.7,4.1,4.5,3.62,High,18.3
1870,8.7,2.5,9.9,1.5,1.4,3.36,High,14.1
1871,5.6,3.3,6.3,4.7,4.1,2.85,Low,17.7
1872,8,1.8,6.8,2.1,5.3,3.23,Moderate,17.2
1873,8.2,3,8.4,0.9,3.5,3.52,High,15.6
1874,7.4,2.1,8.9,3.7,1.9,3.1,Moderate,15.1
1875,7,3.6,5.8,6,1.6,2.99,High,18.2
1876,8.6,3.2,9.3,2.9,0,3.38,High,14.7
1877,6.5,2.8,5.6,2.4,6.7,2.9,High,18.4
1878,8,2,8.2,5.6,0.2,3.4,Moderate,15.8
1879,5.3,2.3,9.3,2.9,4.2,2.82,Low,14.7
1880,6.7,0.6,9.2,3.1,4.4,2.85,Moderate,14.8
1881,9.7,3.2,8.5,0,2.6,3.19,High,15.5
1882,9.6,0.7,6.4,3.1,4.2,3.38,High,17.6
1883,6.3,0.8,8,0.5,8.4,2.91,Moderate,16
1884,8.6,2.2,7.1,3.4,2.7,3.18,High,16.9
1885,6.8,3.7,5.3,4,4.2,3.04,High,18.7
1886,5.9,1.2,8.6,0.5,7.8,2.92,Low,15.4
1887,9.1,2.9,8.6,0.3,3.1,3.56,High,15.4
1888,9.2,0.2,5.1,2.2,7.3,3.61,High,18.9
1889,5.7,2.2,9.6,2.3,4.2,2.98,Low,14.4
1890,5.5,2.4,7.3,5.6,3.2,2.77,Low,16.7
1891,5.6,0.8,5.1,2.6,9.9,2.97,High,18.9
1892,8,2.5,7.7,0.5,5.3,3.12,Moderate,16.3
1893,7.2,4,9.2,3.2,0.4,2.95,Moderate,14.8
1894,7.4,2.7,9.4,3.4,1.1,3.04,Moderate,14.6
1895,9.7,0.2,5.1,4,5,3.25,High,18.9
1896,6.7,1.1,7.6,2.6,6,2.83,Moderate,16.4
1897,7.6,2.7,6.9,1.5,5.3,3.05,Moderate,17.1
1898,8.7,3,8.3,0.9,3.1,3.1,High,15.7
1899,7.9,2.3,7.4,3.3,3.1,3.75,Moderate,16.6
1900,8.6,0.4,8.7,0.8,5.5,3.22,High,15.3
1901,5.3,3.9,9.8,0.3,4.7,2.53,Low,14.2
1902,7.4,3.3,9.8,2.2,1.3,3.06,Moderate,14.2
1903,6.8,2.4,6.6,5.5,2.7,3.05,Moderate,17.4
1904,6.6,1.2,5.2,4.9,6.1,3.2,High,18.8
1905,7.3,1.3,7.4,4.9,3.1,2.83,Moderate,16.6
1906,6.9,1.3,5.9,3.6,6.3,2.94,High,18.1
1907,7.4,3.5,5.2,3.9,4,3.26,High,18.8
1908,9.4,2.9,9.6,0.7,1.4,3.57,High,14.4
1909,7.5,0.1,5,1.4,10,3.07,High,19
1910,5.9,0.1,9.5,0,8.5,2.79,Low,14.5
1911,8.7,0.6,9.6,4.6,0.5,3.57,High,14.4
1912,5,3.9,9.4,5.1,0.6,2.98,Low,14.6
1913,8.3,1.4,9.5,1.4,3.4,3.06,High,14.5
1914,9.6,0.6,6.1,3.3,4.4,3.47,High,17.9
1915,8.8,2.5,6.2,0,6.5,3.29,High,17.8
1916,9.5,1.6,7.6,2.5,2.8,3.7,High,16.4
1917,7.2,3.1,7.6,1.9,4.2,2.79,Moderate,16.4
1918,5.7,2.6,8.4,4.5,2.8,2.94,Low,15.6
1919,7.5,3.6,9.7,2.6,0.6,2.84,Moderate,14.3
1920,9.9,1.1,6,2.7,4.3,3.68,High,18
1921,5.3,3.9,7.9,3.3,3.6,2.79,Low,16.1
1922,5.2,2.4,8.6,2.5,5.3,3.21,Low,15.4
1923,8.8,0.9,6.1,1,7.2,3.53,High,17.9
1924,9.1,1.5,7.9,4,1.5,3.29,High,16.1
1925,6.2,0.7,9.9,3.7,3.5,2.73,Moderate,14.1
1926,6.3,2,6.6,1,8.1,3.09,Moderate,17.4
1927,6.3,0.1,8.5,3,6.1,2.99,Moderate,15.5
1928,5.5,3,5.1,1.5,8.9,2.66,High,18.9
1929,9.5,2.9,5.4,4.9,1.3,3.67,High,18.6
1930,8,2.7,10,0.8,2.5,3.2,Moderate,14
1931,8.1,1.8,5.2,0.1,8.8,3.28,High,18.8
1932,7.8,2.2,5.2,2.8,6,3,High,18.8
1933,9.6,1.6,8.1,3.7,1,3.46,High,15.9
1934,9.3,1.6,9.4,0.9,2.8,3.69,High,14.6
1935,6.4,0.2,9,2.5,5.9,2.81,Moderate,15
1936,9.5,3.3,7.8,2.1,1.3,3.28,High,16.2
1937,7.4,1.6,9.6,0.7,4.7,2.75,Moderate,14.4
1938,7.5,1.8,7.6,0.8,6.3,2.93,Moderate,16.4
1939,7.6,1,5.9,0.4,9.1,3.06,High,18.1
1940,8.1,2.9,8.4,2.2,2.4,3.52,High,15.6
1941,6.9,1.5,8.2,3,4.4,2.99,Moderate,15.8
1942,8.2,1.2,5.1,5.3,4.2,3.19,High,18.9
1943,6.1,3.7,8.6,4.3,1.3,2.79,Moderate,15.4
1944,7.6,0.7,6.5,1.9,7.3,3,Moderate,17.5
1945,5.8,0.8,8.9,1,7.5,2.89,Low,15.1
1946,9.9,1.3,5.6,3.4,3.8,3.43,High,18.4
1947,9.5,3.1,8.1,1,2.3,3.25,High,15.9
1948,8.4,2.9,9.8,0.8,2.1,3.28,High,14.2
1949,5.1,2.2,8.5,4.7,3.5,2.64,Low,15.5
1950,7.6,1.3,9.3,2.7,3.1,2.98,Moderate,14.7
1951,9,2.3,8.9,1.3,2.5,3.24,High,15.1
1952,7.7,0.9,7.4,1.9,6.1,3.31,Moderate,16.6
1953,6.3,3.9,5.8,4.7,3.3,2.73,High,18.2
1954,5.2,1.6,9.7,0.1,7.4,2.95,Low,14.3
1955,7.9,2,9.4,0.4,4.3,3.42,Moderate,14.6
1956,8.3,3.8,9.1,0.1,2.7,3.48,High,14.9
1957,7.4,1.6,6.6,2.7,5.7,2.88,Moderate,17.4
1958,9.9,0.4,9.6,2,2.1,3.09,High,14.4
1959,8.1,3.3,6.8,2.5,3.3,2.86,High,17.2
1960,9.6,3.3,5.5,0.6,5,3.19,High,18.5
1961,7.1,0.4,8.1,0.9,7.5,3.02,Moderate,15.9
1962,6.6,2.7,7.4,5.9,1.4,2.99,Moderate,16.6
1963,9.4,1.4,5.2,5.1,2.9,3.59,High,18.8
1964,9.5,0.9,9.5,1.3,2.8,3.24,High,14.5
1965,9.9,1.1,9.8,0.2,3,3.54,High,14.2
1966,7.4,0.9,8.5,1.1,6.1,3.48,Moderate,15.5
1967,7.8,1,9.8,0.2,5.2,3.04,Moderate,14.2
1968,7.1,0.9,7.5,5.2,3.3,2.92,Moderate,16.5
1969,8.6,2.3,5.4,4.2,3.5,3.38,High,18.6
1970,6.3,1.7,6.8,5.2,4,2.84,Moderate,17.2
1971,5.6,2.3,5.7,4.2,6.2,2.81,High,18.3
1972,7.4,3.7,7.6,2.6,2.7,3.29,Moderate,16.4
1973,7.9,2.8,5.5,4.9,2.9,3.03,High,18.5
1974,8.9,1.5,5.5,3.8,4.3,3.31,High,18.5
1975,9.4,3.6,9.8,1,0.2,3.32,High,14.2
1976,8,2.4,6.8,5.4,1.4,3.42,Moderate,17.2
1977,7.5,1.9,10,2.3,2.3,3.14,Moderate,14
1978,9.1,3.1,8.9,2.1,0.8,3.1,High,15.1
1979,6.3,3.4,9.5,0.9,3.9,2.97,Moderate,14.5
1980,8.2,2.2,5.3,4.5,3.8,3.43,High,18.7
1981,7.5,2.6,7.5,3,3.4,3.02,Moderate,16.5
1982,5.8,0.8,9.9,0.9,6.6,2.71,Low,14.1
1983,6.3,2.4,8.1,0.9,6.3,3.07,Moderate,15.9
1984,6.2,1.2,9.7,5,1.9,3.06,Moderate,14.3
1985,8.5,0.3,7.1,3.4,4.7,3.23,High,16.9
1986,8,1.3,8.9,4.9,0.9,2.93,Moderate,15.1
1987,6.6,3.4,5.5,5,3.5,2.9,High,18.5
1988,9.5,1.5,6.4,3,3.6,3.86,High,17.6
1989,7.3,1.4,8.5,4.6,2.2,3.28,Moderate,15.5
1990,7,2.7,7.4,6,0.9,2.85,Moderate,16.6
1991,8.6,3.8,9.2,2.2,0.2,3.26,High,14.8
1992,6.3,1.5,5.1,3.1,8,3.21,High,18.9
1993,7.5,2.1,9.9,4.1,0.4,3.04,Moderate,14.1
1994,7.1,1.4,9,3.1,3.4,2.85,Moderate,15
1995,7.9,3.4,9,0.5,3.2,3.08,Moderate,15
1996,6.5,0.2,7.4,2.1,7.8,3.32,Moderate,16.6
1997,6.3,2.8,8.8,1.5,4.6,2.65,Moderate,15.2
1998,6.2,0,6.2,0.8,10.8,3.14,Moderate,17.8
1999,8.1,0.7,7.6,3.5,4.1,3.04,High,16.4
2000,9,1.7,7.3,3.1,2.9,3.58,High,16.7